cohort	c1yr.cindex	c1yr_lo.ci_low	c1yr_hi.ci_high	c1yr_w.ci_width	c3yr.cindex	c3yr_lo.ci_low	c3yr_hi.ci_high	c3yr_w.ci_width	c5yr.cindex	c5yr_lo.ci_low	c5yr_hi.ci_high	c5yr_w.ci_width	n	n_events
ACC_DSS_df377	0.970634920634921	0.947482804638392	0.989354232056544	0.041871427418152	0.969047619047619	0.947233427636872	0.98683783368899	0.0396044060521181	0.946031746031746	0.913230135340841	0.972100026089981	0.0588698907491404	75	25
ACC_OS_df377	0.97897026831037	0.961247307915258	0.993191042016887	0.0319437341016292	0.976794778825236	0.961387101655113	0.991331690535761	0.0299445888806478	0.941986947063089	0.912601762913692	0.969993144578857	0.0573913816651654	77	27
ACC_PFI_df377	0.884379424256725	0.836432559031669	0.924652998284124	0.0882204392524557	0.884379424256725	0.839979053766403	0.924065271454512	0.084086217688109	0.884379424256725	0.837571540879237	0.92592057019411	0.0883490293148723	77	40
BLCA_DFI_df155	0.898026315789474	0.851972596396832	0.939222961035624	0.0872503646387917	0.898026315789474	0.85158948034628	0.939431801814777	0.087842321468497	0.898026315789474	0.849452404609218	0.939904145640771	0.0904517410315533	205	31
BLCA_DSS_df155	0.818541470702152	0.78525877837287	0.848568293911616	0.063309515538746	0.818541470702152	0.783376365731038	0.849201952619352	0.0658255868883144	0.818541470702152	0.78610661564784	0.846843026605947	0.0607364109581071	444	139
BLCA_OS_df155	0.803827583179703	0.773716085128964	0.830426520137187	0.056710435008223	0.803827583179703	0.774289719480588	0.832082058161068	0.0577923386804799	0.803827583179703	0.775755568625472	0.831800123814666	0.0560445551891938	463	210
BLCA_PFI_df155	0.794718448053526	0.767183035818965	0.823012698684373	0.0558296628654076	0.794718448053526	0.768169249121792	0.824124980356984	0.0559557312351924	0.794718448053526	0.765561757641183	0.825337550065648	0.0597757924244655	464	195
BRCA_DFI_df008	0.915669502168092	0.888695882592424	0.937983982781206	0.0492881001887817	0.915657654669099	0.891232411676014	0.936738257984044	0.0455058463080299	0.915657654669099	0.890312386550918	0.937721955245575	0.047409568694657	961	84
BRCA_DSS_df008	0.914330294017261	0.888173406260518	0.937868747021504	0.0496953407609858	0.914330294017261	0.884556412129078	0.937303309928747	0.0527468977996689	0.914330294017261	0.886793438786289	0.938291908087289	0.051498469301	1089	89
BRCA_OS_df008	0.880364743438165	0.856592669526228	0.900814032136569	0.0442213626103414	0.880364743438165	0.855910659225861	0.901299152410659	0.045388493184798	0.880364743438165	0.856498525321039	0.902293956702413	0.0457954313813744	1111	160
BRCA_PFI_df008	0.875946183522977	0.853822563962978	0.89606718331764	0.0422446193546622	0.875946183522977	0.854650127533662	0.897546283466879	0.0428961559332171	0.875946183522977	0.853368246990251	0.896581434578083	0.0432131875878317	1111	151
CESC_DFI_df017	0.992211838006231	0.985098361909679	0.997815290434607	0.0127169285249277	0.972741433021807	0.960945760077115	0.985188380063271	0.0242426199861561	0.970093457943925	0.95622654692503	0.984309682628314	0.0280831357032847	174	26
CESC_DSS_df017	0.858828357443316	0.818793125366124	0.893318501424716	0.0745253760585924	0.858828357443316	0.81940881005238	0.892979435572358	0.0735706255199773	0.858828357443316	0.82093026708875	0.894415950052503	0.0734856829637529	306	57
CESC_OS_df017	0.838698803303556	0.792771657179408	0.877843173505937	0.0850715163265292	0.838698803303556	0.795284083244131	0.877517624611841	0.0822335413677094	0.838698803303556	0.79644303369232	0.878096523979373	0.0816534902870523	310	74
CESC_PFI_df017	0.813133820296433	0.769609688801364	0.85473944694206	0.0851297581406963	0.813133820296433	0.772510192623865	0.856177123454918	0.0836669308310531	0.813133820296433	0.772446012451346	0.855166217564217	0.082720205112871	310	74
COAD_DSS_df368	0.884733193615992	0.830586340254682	0.926680913176876	0.0960945729221936	0.884733193615992	0.838289043077498	0.926443418452652	0.0881543753751539	0.884733193615992	0.837268609457306	0.92928707607118	0.0920184666138739	277	36
COAD_OS_df368	0.838585434173669	0.791517241297557	0.879420972639506	0.0879037313419488	0.838585434173669	0.79537004483548	0.880122328786735	0.0847522839512549	0.838585434173669	0.795812935982836	0.879037206002037	0.0832242700192006	292	69
COAD_PFI_df368	0.823932073981439	0.785443998842767	0.86251297400717	0.0770689751644038	0.823932073981439	0.785706490838729	0.860611097252022	0.0749046064132933	0.823932073981439	0.787781535716758	0.859794604195972	0.0720130684792133	292	86
ESCA_DFI_df017	0.952718676122931	0.927318405770241	0.979041916167665	0.051723510397424	0.882978723404255	0.840905340534053	0.925572583644083	0.0846672431100293	0.882978723404255	0.842153266685441	0.926499658060724	0.0843463913752832	86	22
ESCA_DSS_df017	0.954828347721341	0.937378177831555	0.970363043792572	0.0329848659610167	0.953222244529211	0.936939962600527	0.967831126548708	0.0308911639481801	0.939570367396105	0.921042116194841	0.957365772188754	0.0363236559939121	182	53
ESCA_OS_df017	0.942581300813008	0.927348281042412	0.957282085231636	0.029933804189224	0.930894308943089	0.914056659031222	0.947359430360656	0.0333027713294343	0.898056402439024	0.875540993030107	0.920771829622152	0.0452308365920451	184	79
ESCA_PFI_df017	0.925753670290261	0.900621930670874	0.949447696510981	0.0488257658401067	NA	NA	NA	NA	NA	NA	NA	NA	184	88
GBM_DSS_df017	0.933155080213904	0.908864301754748	0.953610115102568	0.04474581334782	NA	NA	NA	NA	NA	NA	NA	NA	165	127
GBM_OS_df017	0.920752042688011	0.892558526429157	0.944468650781858	0.0519101243527013	NA	NA	NA	NA	NA	NA	NA	NA	177	142
GBM_PFI_df017	0.852758382567329	0.826513015050656	0.878290646226168	0.0517776311755123	0.846006291721016	0.821225583972407	0.871530433075067	0.05030484910266	NA	NA	NA	NA	177	144
HNSC_DFI_df017	NA	NA	NA	NA	0.957387495021904	0.938824346790166	0.975774086900064	0.0369497401098983	0.91915571485464	0.89002372224999	0.949906425234947	0.0598827029849577	128	28
HNSC_DSS_df017	0.98568162398097	0.981877872385032	0.989465382475232	0.00758751009019998	0.940174591810813	0.926958648553055	0.953100706383616	0.0261420578305612	0.907854322071084	0.89171465232816	0.923668120588248	0.0319534682600872	497	133
HNSC_OS_df017	0.978605310429999	0.972795933018021	0.983716919676281	0.0109209866582596	0.899804928707758	0.884284426771402	0.915681425164546	0.0313969983931445	0.863864095655103	0.845810910201305	0.881101210797594	0.0352903005962892	523	223
HNSC_PFI_df017	0.969839663190013	0.963667120658993	0.975340314527164	0.0116731938681716	0.921269198609339	0.906708823649175	0.934204764176236	0.0274959405270605	0.893089234109346	0.876052619566109	0.908102585347302	0.0320499657811936	523	200
KIRC_DFI_df161	0.917890320647288	0.878428900061914	0.949175216028465	0.0707463159665509	0.917890320647288	0.877838130497742	0.951258488974999	0.0734203584772565	0.917890320647288	0.882801614569846	0.947640347184514	0.0648387326146677	164	36
KIRC_DSS_df161	0.867244846656611	0.845610918015075	0.887877142262859	0.0422662242477844	0.867244846656611	0.846792418733544	0.886815184067798	0.0400227653342536	0.867244846656611	0.845526313859456	0.888618985648176	0.0430926717887199	729	159
KIRC_OS_df161	0.818542658978858	0.794531312477729	0.840973961125694	0.0464426486479648	0.818542658978858	0.794543493745716	0.840826785768254	0.0462832920225378	0.818542658978858	0.796331470234743	0.840697599672476	0.0443661294377337	749	254
KIRC_PFI_df161	0.831403264299329	0.808359513103171	0.850975174697237	0.0426156615940665	0.831403264299329	0.810270103669992	0.853255246083279	0.0429851424132873	0.831403264299329	0.809512104376628	0.852522367925762	0.0430102635491336	747	260
KIRP_DFI_df377	0.905575791538246	0.849490079463252	0.952455868575192	0.10296578911194	0.905575791538246	0.847868533335401	0.952730641467427	0.104862108132026	0.905575791538246	0.85154327853485	0.951971691210789	0.100428412675938	184	30
KIRP_DSS_df377	0.964285714285714	0.944902787748265	0.981585837949589	0.0366830502013241	0.964285714285714	0.943639458421561	0.982518637988294	0.0388791795667329	0.964285714285714	0.944312613673778	0.982148562052663	0.0378359483788854	286	28
KIRP_OS_df377	0.931136835856337	0.903531582783224	0.955409365565124	0.0518777827819008	0.931136835856337	0.905281131111507	0.95391522861143	0.0486340974999228	0.931136835856337	0.90499380849681	0.956367909001437	0.0513741005046269	290	44
KIRP_PFI_df377	0.912633451957295	0.882195730359205	0.938266881805815	0.0560711514466106	0.912633451957295	0.884803816611047	0.937696254527626	0.0528924379165789	0.912633451957295	0.88318193698429	0.939449540951302	0.0562676039670119	289	59
LAML_OS_df377	0.716567683800942	0.669495735897212	0.763045192374865	0.093549456477653	0.716567683800942	0.667163247740075	0.766096391618511	0.098933143878436	0.716567683800942	0.665060845222141	0.761761243837575	0.0967003986154339	161	104
LGG_DFI_df374	0.892037127503664	0.845701530159406	0.935176851965476	0.08947532180607	0.892037127503664	0.839432847082495	0.936357674087268	0.0969248270047735	0.892037127503664	0.84481547931255	0.937707414895401	0.0928919355828516	142	29
LGG_DSS_df374	0.918387875536481	0.901126583408444	0.935419162727076	0.0342925793186313	0.918387875536481	0.897640652753577	0.934991397318174	0.0373507445645967	0.918387875536481	0.899435073521253	0.935761464584821	0.0363263910635679	537	127
LGG_OS_df374	0.911297824456114	0.892809842153028	0.929222214190347	0.0364123720373187	0.911297824456114	0.891921265667533	0.928011447409807	0.0360901817422735	0.911297824456114	0.891768821205766	0.927130335144905	0.035361513939139	545	142
LGG_PFI_df374	0.837464788732394	0.813477394821144	0.859958711798414	0.0464813169772699	0.837464788732394	0.813077767273466	0.859071134000491	0.045993366727025	0.837441314553991	0.814621288013359	0.858822052169068	0.0442007641557091	545	227
LIHC_DFI_df160	0.783054718727233	0.751929973852783	0.81307123329825	0.0611412594454669	0.783054718727233	0.751642728383339	0.811797228352547	0.0601544999692082	0.783084253844488	0.752122697478821	0.812559873896938	0.0604371764181177	437	211
LIHC_DSS_df160	0.854707688371498	0.826422987438185	0.880837261922842	0.0544142744846561	0.854675706792887	0.82549370207129	0.881634522286745	0.0561408202154545	0.854611743635666	0.826823244913471	0.881065755397363	0.0542425104838917	507	132
LIHC_OS_df160	0.801994039389191	0.778125160021918	0.823952693440656	0.0458275334187379	0.801994039389191	0.775385464595073	0.824185062000382	0.0487995974053088	0.801994039389191	0.77854926322722	0.826246861502254	0.0476975982750334	524	230
LIHC_PFI_df160	0.785329636639919	0.759596951990243	0.810553097734763	0.0509561457445205	0.785342966063288	0.75868320894551	0.812083160846189	0.0533999519006789	0.785356295486657	0.756287006707526	0.814049481160011	0.0577624744524844	524	269
LUAD_DFI_df017	0.873746904116051	0.843758391863935	0.902056314585741	0.0582979227218061	0.873746904116051	0.842221685910568	0.902268890300411	0.0600472043898427	0.873746904116051	0.844827583920178	0.90292056693464	0.0580929830144624	303	92
LUAD_DSS_df017	0.831491808389041	0.796446025331031	0.860696508365652	0.0642504830346216	0.831491808389041	0.798826580578903	0.862416422776231	0.063589842197328	0.831491808389041	0.797194018299146	0.862614339202053	0.0654203209029077	475	112
LUAD_OS_df017	0.841581200836403	0.81423387968947	0.866460989719149	0.0522271100296794	0.841581200836403	0.81521787564506	0.868811175402227	0.0535932997571669	0.841581200836403	0.813805488227639	0.866630641192455	0.0528251529648164	510	183
LUAD_PFI_df017	0.761953769500939	0.728606905842564	0.791730853578191	0.0631239477356265	0.761953769500939	0.733930458462913	0.791770709347526	0.0578402508846123	0.761945601568243	0.730076389129628	0.795044108875056	0.0649677197454284	510	212
LUSC_DFI_df147	NA	NA	NA	NA	0.94280771933618	0.928059553641785	0.957226895322361	0.0291673416805761	0.927266338721012	0.910540975892413	0.944670888677702	0.0341299127852883	373	84
LUSC_DSS_df147	0.856093305170355	0.830694789986651	0.882802739615727	0.0521079496290758	0.856093305170355	0.828635966479035	0.882883253974903	0.0542472874958682	0.856093305170355	0.831602255135149	0.881077444190529	0.0494751890553801	560	119
LUSC_OS_df147	0.75825002894747	0.728876772327687	0.78404427676918	0.0551675044414924	0.75825002894747	0.731963023424858	0.784811937535634	0.0528489141107764	0.75825002894747	0.732087062822588	0.785583040208374	0.0534959773857856	642	304
LUSC_PFI_df147	0.779692166322077	0.747263875032991	0.809531788123693	0.0622679130907017	0.779692166322077	0.74972347529939	0.808788087002873	0.0590646117034823	0.779692166322077	0.74856794359781	0.80924413777291	0.0606761941750998	643	192
MESO_DSS_df017	0.731182795698925	0.621343112886207	0.820090783734679	0.198747670848472	0.731182795698925	0.627895425805177	0.818298206983328	0.190402781178151	0.731182795698925	0.626979463172154	0.817931466243587	0.190952003071433	62	42
MESO_OS_df017	0.724354501046755	0.631140779105987	0.803238348417072	0.172097569311085	0.724354501046755	0.641345685696462	0.802080547490657	0.160734861794195	0.724354501046755	0.641003091629617	0.801464605870833	0.160461514241216	80	68
MESO_PFI_df017	0.685542685542686	0.574947898721187	0.783601660287195	0.208653761566008	0.685542685542686	0.577035992747054	0.778963148518619	0.201927155771565	0.685542685542686	0.577236053965152	0.786015392811593	0.208779338846441	78	55
OV_DFI_df377	0.952914425156675	0.943338659245687	0.962364796368754	0.0190261371230668	0.844656425045755	0.812699267474678	0.870961775162753	0.0582625076880748	0.758360601186845	0.721946339659967	0.793417409991571	0.0714710703316045	221	160
OV_DSS_df377	0.972251585623679	0.967208436363385	0.977286681630506	0.010078245267121	0.950339147286822	0.941746374440609	0.95865514597952	0.0169087715389117	0.86978065539112	0.84829529958892	0.889709683662763	0.0414143840738436	405	231
OV_OS_df377	0.966101694915254	0.960517385469033	0.97144929935967	0.0109319138906363	0.943444095986469	0.935118904748591	0.951678016368599	0.0165591116200082	0.860433771450721	0.84001366031119	0.880652626217577	0.0406389659063868	435	271
OV_PFI_df377	0.959497145527019	0.948221627830944	0.96785400370677	0.0196323758758257	NA	NA	NA	NA	NA	NA	NA	NA	435	319
PAAD_DFI_df377	0.987194412107101	0.967566307460991	0.999020621406457	0.0314543139454667	0.927823050058207	0.888118710042364	0.966667798913043	0.0785490888706797	0.852153667054715	0.800158950314218	0.906350424531493	0.106191474217275	69	23
PAAD_DSS_df377	0.796268140981341	0.746578690531331	0.844489463743719	0.0979107732123881	0.796268140981341	0.747342225922259	0.845181897278064	0.0978396713558047	0.796268140981341	0.747058365402236	0.839345493070253	0.0922871276680174	175	73
PAAD_OS_df377	0.772684556750548	0.732328910222743	0.811854050037297	0.0795251398145538	0.772684556750548	0.731594635297516	0.812408782653241	0.0808141473557246	0.772684556750548	0.727545668301128	0.812922228526334	0.0853765602252058	181	93
PAAD_PFI_df377	0.781334622823985	0.733581995628067	0.82186361844909	0.0882816228210233	0.781382978723404	0.736710180569549	0.825080155059451	0.0883699744899024	0.781528046421663	0.73649073797917	0.825177817945197	0.0886870799660273	181	107
PCPG_PFI_df161	0.893415178571429	0.793215414924089	0.96676006853244	0.17354465360835	0.893415178571429	0.800363596202488	0.965979066202157	0.165615469999669	0.893415178571429	0.798945372102192	0.964055136160294	0.165109764058102	203	29
PRAD_DFI_df374	0.99436639310057	0.991160798792056	0.997387165202557	0.00622636641050167	0.991584365002087	0.987150392992177	0.995662217852821	0.00851182486064417	0.97941299207122	0.971670532516374	0.987539009098285	0.0158684765819108	340	33
PRAD_PFI_df374	0.993347999161953	0.990951027055131	0.995635311921659	0.00468428486652828	0.972222222222222	0.964190740765523	0.980608787823842	0.0164180470583185	0.93997485857951	0.92788853212402	0.953331399242109	0.0254428671180887	498	95
READ_OS_df160	0.996360989810771	0.990596590909091	1	0.00940340909090909	0.978165938864629	0.960658546176436	0.994380643313545	0.0337220971371091	0.782023289665211	0.732865898624501	0.833123113410953	0.100257214786452	116	26
READ_PFI_df160	0.815436241610738	0.73475015676528	0.89166580115074	0.15691564438546	0.815436241610738	0.735006241975216	0.885729775877872	0.150723533902657	0.815436241610738	0.733465499954425	0.890327074938069	0.156861574983644	116	25
SARC_DFI_df305	0.97045871559633	0.958644631969542	0.980639855534508	0.0219952235649663	0.92262996941896	0.89817989767594	0.944456916087792	0.0462770184118527	0.91388379204893	0.887897596606046	0.938526247610977	0.0506286510049311	167	75
SARC_DSS_df305	0.988782991202346	0.984063093744069	0.992839436094308	0.00877634235023916	0.963489736070381	0.949678426609709	0.975530061861316	0.0258516352516071	0.926209677419355	0.905996487438096	0.945229072368124	0.0392325849300276	270	84
SARC_OS_df305	0.984511304967064	0.979542931087029	0.988723056412452	0.00918012532542301	0.96050679484897	0.947987000167175	0.972250520512252	0.0242635203450766	0.916740846240579	0.896593371112649	0.936466300261895	0.039872929149246	276	101
SARC_PFI_df305	0.954112317425603	0.941821720731933	0.964509283861948	0.022687563130015	0.890572522065141	0.866129132317498	0.913937377761835	0.0478082454443374	0.867902054206045	0.84310602769236	0.892743781112767	0.0496377534204069	276	149
SKCM_DSS_df377	0.776898072904574	0.742505601748659	0.80878720562603	0.0662816038773715	0.776898072904574	0.744339214938931	0.807892939422166	0.0635537244832348	0.776898072904574	0.743801643317015	0.80788527546092	0.0640836321439047	454	192
SKCM_OS_df377	0.782701092353525	0.753677869586585	0.811767603983668	0.0580897343970831	0.782701092353525	0.748619083650526	0.810792433165947	0.0621733495154208	0.782701092353525	0.755010826756714	0.812531581261441	0.0575207545047275	460	218
SKCM_PFI_df377	0.763831946417698	0.735079547798874	0.789743495505853	0.0546639477069797	0.763831946417698	0.737774642596144	0.790988278408221	0.0532136358120772	0.763831946417698	0.736221939902357	0.790706754859472	0.0544848149571144	461	313
STAD_DFI_df157	0.936092624669523	0.914783819084085	0.955874125114247	0.0410903060301615	0.936047041662868	0.914446878724433	0.953792300377198	0.0393454216527644	0.936047041662868	0.91485943194102	0.955162610588516	0.0403031786474957	303	56
STAD_DSS_df157	0.818538884524745	0.777307929071991	0.855610869784892	0.0783029407129012	0.818538884524745	0.781722703309504	0.8550494978925	0.073326794582996	0.818538884524745	0.779546846269136	0.853946992444029	0.0744001461748925	482	102
STAD_OS_df157	0.798919801778058	0.77107801106676	0.82799288736597	0.0569148762992104	0.798919801778058	0.77121455875631	0.82718682439252	0.0559722656362103	0.798919801778058	0.770748351436634	0.826749109044632	0.0560007576079985	507	185
STAD_PFI_df157	0.847089365484014	0.818595197395923	0.874845566149767	0.0562503687538438	0.847101059475641	0.818090524067797	0.874038467720478	0.0559479436526804	0.84706597750076	0.817102459539975	0.875411478966679	0.0583090194267039	509	151
TGCT_DFI_df377	0.985578678349763	0.975845022920516	0.994470200265023	0.0186251773445066	0.968419131069733	0.950613781295258	0.984828456184752	0.0342146748894933	0.956553486673969	0.933626331560016	0.978032636839377	0.0444063052793611	118	40
TGCT_PFI_df377	0.976169064748201	0.961727528774688	0.988482421270681	0.0267548924959928	0.945593525179856	0.92177816825339	0.96756985184743	0.04579168359404	0.93839928057554	0.916407831041506	0.963875290440175	0.0474674593986684	147	48
THCA_DFI_df377	0.934771763532053	0.903054988778424	0.960978157006649	0.0579231682282247	0.934771763532053	0.905668685761757	0.961584026793399	0.0559153410316418	0.934771763532053	0.905122409575804	0.960864114675645	0.0557417050998417	370	29
THCA_OS_df377	0.971330878485008	0.946842665945056	0.988522201704305	0.0416795357592484	0.971330878485008	0.946675983631278	0.989652626304593	0.0429766426733154	0.971330878485008	0.945875184788327	0.988941519845334	0.0430663350570074	528	16
THCA_PFI_df377	0.908301782251362	0.883698233749622	0.931610125434961	0.0479118916853392	0.908301782251362	0.884535106644168	0.930065206948235	0.0455301003040675	0.908301782251362	0.883686046411371	0.932206986913597	0.0485209405022259	528	58
THYM_PFI_df377	NA	NA	NA	NA	0.97158026233604	0.953798415925849	0.989312049570827	0.0355136336449783	0.962523422860712	0.942296046067342	0.98355378767326	0.0412577416059184	118	21
UCEC_DSS_df377	0.904781704781705	0.860205299180363	0.943474835697818	0.0832695365174546	0.904781704781705	0.866126029024935	0.940644514019528	0.0745184849945933	0.904781704781705	0.863029744421448	0.942047441591257	0.0790176971698091	180	26
UCEC_OS_df377	0.879219572623103	0.832784146984277	0.922312701127066	0.0895285541427889	0.879219572623103	0.834494351802044	0.9237187205357	0.0892243687336561	0.879219572623103	0.834033764367816	0.92489287774901	0.0908591133811943	182	36
UCEC_PFI_df377	0.839322172315231	0.789300900600302	0.886080002928763	0.0967791023284614	0.839322172315231	0.792236276208275	0.881676061578689	0.0894397853704142	0.839322172315231	0.792726930163563	0.884664731128583	0.0919378009650199	182	48
UCS_DSS_df377	0.578421578421578	0.4593896547383	0.69625064682476	0.23686099208646	0.578421578421578	0.451352151878141	0.702057515390653	0.250705363512512	0.578421578421578	0.45999672698025	0.684976417892738	0.224979690912488	55	31
UCS_OS_df377	0.607427055702918	0.508207051095295	0.70506692260619	0.196859871510895	0.607427055702918	0.498982759000897	0.708212287047685	0.209229528046788	0.607427055702918	0.505689689834442	0.705119156801273	0.199429466966831	57	35
UCS_PFI_df377	0.664566929133858	0.554307849633759	0.764804746168354	0.210496896534594	0.664566929133858	0.555792091527812	0.766444726947883	0.210652635420072	0.664566929133858	0.552628628761432	0.76649587850477	0.213867249743338	57	37
UVM_DSS_df377	0.98536036036036	0.971428004084875	0.99672751711778	0.025299513032905	0.972972972972973	0.956416723335464	0.988777186403142	0.032360463067678	0.886824324324324	0.837592133578197	0.931231559725788	0.0936394261475908	79	20
UVM_OS_df377	0.988372093023256	0.976593578927565	0.998412099026142	0.021818520098577	0.965116279069767	0.941565062466156	0.986223127481857	0.0446580650157007	0.825581395348837	0.765374468627179	0.883929875686281	0.118555407059102	79	22
UVM_PFI_df377	0.979609175870858	0.963531423462713	0.993351724320135	0.0298203008574219	0.951571792693288	0.922491784913545	0.975729415124131	0.0532376302105856	0.872132540356839	0.821304779988197	0.917352825745683	0.0960480457574862	78	28
