cohort	n	n_events	c_mvl_obs	c_mvl_null_med	c_mvl_null_lo	c_mvl_null_hi	p_mvl	c_xgb_obs	c_xgb_null_med	c_xgb_null_lo	c_xgb_null_hi	p_xgb
ACC_DSS_df377	75	25	0.970634920634921	0.494784555341602	0.356189279530589	0.624624930923137	0	0.984126984126984	0.494951279107421	0.355840878604963	0.624576581981001	0
ACC_OS_df377	77	27	0.97897026831037	0.500523086077083	0.371358931747281	0.626487560833303	0	0.989122552574329	0.50096468401487	0.371830260107231	0.623149060121174	0
ACC_PFI_df377	77	40	0.884379424256725	0.495980291852889	0.3901497613151	0.602338897515528	0	0.974516281264748	0.497563653629295	0.387564797118495	0.604650552316596	0
BLCA_DFI_df155	205	31	0.898026315789474	0.500169143399094	0.390053474162504	0.617933851392169	0	0.999725877192982	0.502368115737263	0.384438215299715	0.616927653749263	0
BLCA_DSS_df155	444	139	0.818541470702152	0.501203955892841	0.443167250395073	0.561642655491713	0	0.999391357273281	0.4997447859542	0.444437682491515	0.555508339747489	0
BLCA_OS_df155	463	210	0.803827583179703	0.500804553565793	0.45756165943223	0.546919779361692	0	0.998033535247125	0.501133605934988	0.454441276381315	0.54732332776429	0
BLCA_PFI_df155	464	195	0.794718448053526	0.501261595498757	0.45354366109219	0.544688047437273	0	0.998617003382735	0.498544432436581	0.452283068303273	0.546617404771763	0
BRCA_DFI_df008	961	84	0.915669502168092	0.500939257816241	0.428887609817273	0.571410801842366	0	0.999123285074521	0.498632539186855	0.418923229451761	0.568321213498703	0
BRCA_DSS_df008	1089	89	0.914330294017261	0.50179386771337	0.434235693711131	0.569272690574999	0	0.999037008142767	0.502009583800173	0.432977469483209	0.574798830876338	0
BRCA_OS_df008	1111	160	0.880364743438165	0.50140436166552	0.446272545060321	0.556544625668211	0	0.997494975171435	0.500139208329982	0.448198507240737	0.552018818203405	0
BRCA_PFI_df008	1111	151	0.875946183522977	0.500074440043309	0.450751442903209	0.550469699894439	0	0.998199199101431	0.500292687604484	0.447696480957715	0.552122085028533	0
CESC_DFI_df017	174	26	0.992211838006231	0.497053828290181	0.368204508188839	0.625527266258826	0	1	0.499009031242104	0.375633142769931	0.627573335350259	0
CESC_DSS_df017	306	57	0.858828357443316	0.495933713148642	0.409056861824476	0.586542875765133	0	0.999794808659075	0.495157507751263	0.4159957947473	0.583654707469247	0
CESC_OS_df017	310	74	0.838698803303556	0.500858599060985	0.421528987404989	0.579690160790988	0	0.999831451205124	0.498504945369438	0.421001352905829	0.576555860179947	0
CESC_PFI_df017	310	74	0.813133820296433	0.501972365161827	0.421093840063025	0.57863818772232	0	0.999574498262535	0.500669707975167	0.420281576077726	0.583676895405717	0
COAD_DSS_df368	277	36	0.884733193615992	0.500227181026726	0.390665765000486	0.613716891255653	0	1	0.49833665951611	0.393730304985076	0.607983927098024	0
COAD_OS_df368	292	69	0.838585434173669	0.4957398351393	0.422912962323497	0.579650713092695	0	0.999912464985994	0.4991050260918	0.418925125983445	0.58182407210995	0
COAD_PFI_df368	292	86	0.823932073981439	0.500853378852167	0.429456005684118	0.56974832161061	0	0.996774830514052	0.504212777512781	0.429538054002182	0.573656508252553	0
ESCA_DFI_df017	86	22	0.952718676122931	0.495465749204067	0.368872048527214	0.631313120494453	0	1	0.496880253548298	0.355651058174579	0.63490845081132	0
ESCA_DSS_df017	182	53	0.954828347721341	0.498989470419455	0.410921651586092	0.587299288008978	0	0.998795422605902	0.499658892369442	0.410289899369886	0.587111636685531	0
ESCA_OS_df017	184	79	0.942581300813008	0.499932094799951	0.422539440721864	0.575655135901906	0	0.999491869918699	0.499121057600416	0.423003734333461	0.574098879121901	0
ESCA_PFI_df017	184	88	0.925753670290261	0.500925230965817	0.435957688953619	0.568658454374676	0	0.999551720273451	0.50070828198529	0.43385927979961	0.570044303293642	0
GBM_DSS_df017	165	127	0.933155080213904	0.497824344408082	0.442641636272506	0.558794980586966	0	0.998663101604278	0.49836108721631	0.442533691013485	0.560437112076073	0
GBM_OS_df017	177	142	0.920752042688011	0.501837977009176	0.449554632542404	0.555806059692538	0	0.998332499583125	0.500863568872824	0.448477103532985	0.558402481828268	0
GBM_PFI_df017	177	144	0.852758382567329	0.499527259027943	0.442900956781213	0.557307152217799	0	0.998542162203637	0.499720270711157	0.444719282385894	0.556768798957613	0
HNSC_DFI_df017	128	28	0.5	0.5	0.5	0.5	1	1	0.495151720917085	0.372992045515467	0.630328951536662	0
HNSC_DSS_df017	497	133	0.98568162398097	0.500206512749705	0.445690360889413	0.555834076943873	0	0.999445740283134	0.500833344814367	0.445602295642457	0.556988564860134	0
HNSC_OS_df017	523	223	0.978605310429999	0.501402261586516	0.459153332804442	0.543005363410426	0	0.997993151453913	0.501726304664202	0.459485489787106	0.541739834627085	0
HNSC_PFI_df017	523	200	0.969839663190013	0.497983353415801	0.453510791329772	0.546616721273206	0	0.99826900790682	0.497349701387077	0.451028783408576	0.550193433704945	0
KIRC_DFI_df161	164	36	0.917890320647288	0.500009004691691	0.389270749207557	0.608176301541591	0	1	0.499209993193788	0.392481598787047	0.608730072349795	0
KIRC_DSS_df161	729	159	0.867244846656611	0.499840849208346	0.445587361849335	0.553317661035318	0	0.999384112619407	0.499595582435848	0.449478133914356	0.556680146640724	0
KIRC_OS_df161	749	254	0.818542658978858	0.499548493190503	0.462218807016787	0.538969685136471	0	0.997986128520097	0.500680841159987	0.462588474681801	0.542845321952463	0
KIRC_PFI_df161	747	260	0.831403264299329	0.500428691768371	0.45904585168075	0.540475975714145	0	0.997701536046642	0.500447232852061	0.460599024124089	0.540419594254698	0
KIRP_DFI_df377	184	30	0.905575791538246	0.502511816603147	0.389741146284831	0.62450256976402	0	0.989072569347156	0.504085790904176	0.384840501426824	0.621554855986975	0
KIRP_DSS_df377	286	28	0.964285714285714	0.499087380034442	0.377797071072388	0.617715848620669	0	0.999811035525321	0.501302422585622	0.371391971729798	0.614858532112654	0
KIRP_OS_df377	290	44	0.931136835856337	0.502284590252532	0.40176818033705	0.60460611595064	0	0.998812704066489	0.502126798271821	0.408347617343668	0.599589864166927	0
KIRP_PFI_df377	289	59	0.912633451957295	0.503220340330761	0.410962468723834	0.583609850910097	0	0.994306049822064	0.502925591855744	0.420188095283691	0.58405817166868	0
LAML_OS_df377	161	104	0.716567683800942	0.500119714098206	0.436528784043113	0.560562951441194	0	0.933544951873848	0.500090700205587	0.43424911226102	0.562175151575267	0
LGG_DFI_df374	142	29	0.892037127503664	0.496771466375594	0.379199128335826	0.613010624295311	0	1	0.49628247348348	0.373850116272781	0.617361538870008	0
LGG_DSS_df374	537	127	0.918387875536481	0.50057041762333	0.439435402403056	0.552551876218407	0	0.99956410944206	0.498744253402959	0.441991217648648	0.554808535778488	0
LGG_OS_df374	545	142	0.911297824456114	0.498576800401624	0.443033080813674	0.558474515874595	0	0.999429857464366	0.498575508940291	0.441061698554284	0.557829147431426	0
LGG_PFI_df374	545	227	0.837464788732394	0.500766960658365	0.459547370483446	0.540399463335501	0	0.996776212832551	0.498573551301998	0.456129174237212	0.543751071967453	0
LIHC_DFI_df160	437	211	0.783054718727233	0.498694782534557	0.458313796599787	0.541374468838547	0	0.996357335538622	0.50006943561679	0.455507945338518	0.5432979184062	0
LIHC_DSS_df160	507	132	0.854707688371498	0.500532654840411	0.444421536833543	0.560265767485079	0	0.999936036842779	0.499595522902067	0.444145694561	0.55641034433544	0
LIHC_OS_df160	524	230	0.801994039389191	0.500041032078596	0.458181983706779	0.542906409786979	0	0.999293329646358	0.49984872208051	0.456718039718331	0.541587922796823	0
LIHC_PFI_df160	524	269	0.785329636639919	0.4998624310272	0.455205149266336	0.540744341142023	0	0.996067820106102	0.50043836758663	0.459120611835142	0.538293489526522	0
LUAD_DFI_df017	303	92	0.873746904116051	0.499577645594408	0.432015369624664	0.566715851526023	0	0.994899162637103	0.498728468195722	0.42833992406885	0.57007362167461	0
LUAD_DSS_df017	475	112	0.831491808389041	0.500043359985471	0.436996854449995	0.559009616528925	0	0.997991063697136	0.499785798365934	0.43591501171138	0.559361609203319	0
LUAD_OS_df017	510	183	0.841581200836403	0.499055623813751	0.448182759978853	0.545834468249287	0	0.996793786717116	0.498620671376853	0.450195638028694	0.548342712170946	0
LUAD_PFI_df017	510	212	0.761953769500939	0.497734817031251	0.455738977434402	0.548968745379302	0	0.994380462304991	0.499987219837517	0.453247440280197	0.542978078134829	0
LUSC_DFI_df147	373	84	0.5	0.5	0.5	0.5	1	0.999783772095789	0.502294415907107	0.426971704322057	0.573482003898035	0
LUSC_DSS_df147	560	119	0.856093305170355	0.499471295417522	0.435402021235367	0.561671347198873	0	0.999877552269875	0.499143678165859	0.436816822628276	0.554533841297351	0
LUSC_OS_df147	642	304	0.75825002894747	0.499127325860113	0.463995161325826	0.533620148662153	0	0.998417538307152	0.498590621803551	0.461297415558245	0.537260018991083	0
LUSC_PFI_df147	643	192	0.779692166322077	0.500219684192669	0.45311655508953	0.54592464940737	0	0.999065778390382	0.501686239839851	0.453633052509742	0.544652431475659	0
MESO_DSS_df017	62	42	0.731182795698925	0.5022104608938	0.39204966020716	0.604388767127064	0	0.988530465949821	0.498027948388237	0.394813661035089	0.595120694853926	0
MESO_OS_df017	80	68	0.724354501046755	0.498588022521172	0.419893517607712	0.58228649696091	0	0.982554082344731	0.502260929101351	0.420478507969689	0.583975580936351	0
MESO_PFI_df017	78	55	0.685542685542686	0.501565850815851	0.402676686381673	0.590184271893361	0	0.990561990561991	0.50220207207369	0.409232807502367	0.594907809704793	0
OV_DFI_df377	221	160	0.952914425156675	0.497487707743549	0.449439515235002	0.549596639971781	0	0.995285896511563	0.497326449252321	0.449105465578522	0.552278086479582	0
OV_DSS_df377	405	231	0.972251585623679	0.499476393775075	0.457541286734152	0.543812011266773	0	0.991631430584919	0.498953799173375	0.45765557139813	0.542748208448699	0
OV_OS_df377	435	271	0.966101694915254	0.499282217697776	0.456708819028818	0.539805561589697	0	0.989358328341379	0.499620309422881	0.455370453562664	0.539844689389646	0
OV_PFI_df377	435	319	0.959497145527019	0.500482050804961	0.461581805857028	0.537965873190258	0	0.987589247908423	0.499821372450321	0.460954329911052	0.536851269440018	0
PAAD_DFI_df377	69	23	0.987194412107101	0.501928135243735	0.365153545206067	0.634944411516425	0	0.9988358556461	0.500645268723201	0.364391937625283	0.636369254972469	0
PAAD_DSS_df377	175	73	0.796268140981341	0.498274507214798	0.418863420825237	0.580136881595999	0	0.999308914996545	0.499878921411558	0.419739839653784	0.576043268220118	0
PAAD_OS_df377	181	93	0.772684556750548	0.500310323552903	0.437683046880586	0.566563056191203	0	0.99968674950402	0.502547251814684	0.437604415167292	0.562081690669352	0
PAAD_PFI_df377	181	107	0.781334622823985	0.502384121242695	0.438867704321215	0.565599554027384	0	0.998452611218569	0.502159835660495	0.438936133008341	0.564749045114249	0
PCPG_PFI_df161	203	29	0.893415178571429	0.503495191296921	0.374349090779163	0.628769514304272	0	0.952566964285714	0.501890675397971	0.378433101106263	0.627383087968466	0
PRAD_DFI_df374	340	33	0.99436639310057	0.502413870386325	0.385707617625093	0.608306178650065	0	0.999443594380303	0.50239902362316	0.382008268572545	0.607647176211734	0
PRAD_PFI_df374	498	95	0.993347999161953	0.500629888611115	0.439946593164721	0.56454249831311	0	1	0.5011632003489	0.440102795936667	0.566087153443443	0
READ_OS_df160	116	26	0.996360989810771	0.499427917432907	0.37762180283732	0.615920661550488	0	0.997088791848617	0.500988376727198	0.372850712671702	0.622431110569761	0
READ_PFI_df160	116	25	0.815436241610738	0.502158710854363	0.375378463219053	0.636103208282384	0	0.990492170022371	0.502691803708578	0.377644355061746	0.631867889612438	0
SARC_DFI_df305	167	75	0.97045871559633	0.500505205182979	0.425645720055927	0.573417155964133	0	0.999755351681957	0.499262375805132	0.422002132327175	0.571443592763122	0
SARC_DSS_df305	270	84	0.988782991202346	0.49889255633058	0.42910446299447	0.572830547566546	0	0.999633431085044	0.498604693744688	0.430073073717185	0.574341827494781	0
SARC_OS_df305	276	101	0.984511304967064	0.502641524097025	0.432466538841814	0.563455755151627	0	0.99905050145392	0.503150084207004	0.431866671499994	0.564259490939841	0
SARC_PFI_df305	276	149	0.954112317425603	0.500857235423715	0.451502157921548	0.555345237521322	0	0.997305319065844	0.501318058389231	0.448685830557268	0.55305321498109	0
SKCM_DSS_df377	454	192	0.776898072904574	0.499337766261921	0.453463549639581	0.546407489342206	0	0.99791037845368	0.500406756756869	0.45661150713278	0.544881717314492	0
SKCM_OS_df377	460	218	0.782701092353525	0.500562851440023	0.456093484538616	0.54620910579323	0	0.997000993048659	0.500121235636552	0.45314997179889	0.541033264203878	0
SKCM_PFI_df377	461	313	0.763831946417698	0.499993046817024	0.461349084418233	0.535881188657983	0	0.97936540152899	0.5000700006445	0.460462803210625	0.536973411556844	0
STAD_DFI_df157	303	56	0.936092624669523	0.501824550706505	0.411966240398487	0.58657260722663	0	0.999817667973379	0.50240807852319	0.412317199578862	0.586621215486484	0
STAD_DSS_df157	482	102	0.818538884524745	0.500797278993344	0.434893204284347	0.564363310595607	0	0.995099689522313	0.501230527299508	0.434030114080545	0.562694906885909	0
STAD_OS_df157	507	185	0.798919801778058	0.500566038230849	0.452025745747156	0.547215015363249	0	0.996826221719037	0.500663671420147	0.452356231565762	0.548350410983217	0
STAD_PFI_df157	509	151	0.847089365484014	0.499607375751944	0.446723933215876	0.552227107555004	0	0.994620763851533	0.500988239790144	0.449685589212926	0.551253574612673	0
TGCT_DFI_df377	118	40	0.985578678349763	0.498253162877213	0.400873037661387	0.602134966567583	0	1	0.49910630997866	0.400610973887588	0.602064264172582	0
TGCT_PFI_df377	147	48	0.976169064748201	0.497735767643341	0.40511893154652	0.590516933160137	0	0.999775179856115	0.498211917766058	0.404636938565368	0.596772958347894	0
THCA_DFI_df377	370	29	0.934771763532053	0.50009865680628	0.381717246406325	0.629106738868516	0	1	0.502513906464142	0.381395198765839	0.623309415696468	0
THCA_OS_df377	528	16	0.971330878485008	0.50025025025025	0.34507472790468	0.670835970294314	0	1	0.497534306558777	0.339711258780265	0.672405886607653	0
THCA_PFI_df377	528	58	0.908301782251362	0.500082244417477	0.41291162678972	0.591795375512825	0	1	0.497459010922968	0.409493951637859	0.587932389431488	0
THYM_PFI_df377	118	21	0.5	0.5	0.5	0.5	1	0.999375390381012	0.500607686523179	0.356267035202887	0.648155686354912	0
UCEC_DSS_df377	180	26	0.904781704781705	0.500109710637682	0.366882849660627	0.620079855632732	0	0.9995841995842	0.497064088793412	0.362478083362555	0.618552816479016	0
UCEC_OS_df377	182	36	0.879219572623103	0.501658249276732	0.395800222388503	0.597698047168686	0	0.99969030659647	0.499738830593702	0.392233298052558	0.604200822288162	0
UCEC_PFI_df377	182	48	0.839322172315231	0.501121457262175	0.407410306464049	0.586476765984037	0	1	0.5	0.410153925840148	0.592865087549861	0
UCS_DSS_df377	55	31	0.578421578421578	0.500907269613899	0.382684448053677	0.619050703182828	0.118	0.84965034965035	0.501419329022852	0.384903272032481	0.626850358928675	0
UCS_OS_df377	57	35	0.607427055702918	0.500944732691498	0.39057760910448	0.620044920045787	0.033	0.829354553492485	0.498238481828117	0.392583869418293	0.608880772703818	0
UCS_PFI_df377	57	37	0.664566929133858	0.50023786869648	0.391340956076131	0.605084103713545	0.002	0.829133858267717	0.502464268710953	0.390011883034512	0.608376859581215	0
UVM_DSS_df377	79	20	0.98536036036036	0.49838724565146	0.348645060381202	0.647643900402756	0	0.995495495495496	0.498612586400653	0.348946444805689	0.649094813619849	0
UVM_OS_df377	79	22	0.988372093023256	0.503057006824076	0.365671045117076	0.645126416055819	0	0.998942917547569	0.501824884792627	0.359256629425226	0.641547540056772	0
UVM_PFI_df377	78	28	0.979609175870858	0.505649387630859	0.379275669393233	0.625543458830217	0	0.997451146983857	0.506561679790026	0.378004459156317	0.628118860714375	0
