Stratum	Cancer	Endpoint	df	N	N_events	Cox_Converged	Schoenfeld_Global_p	Schoenfeld_Global_chisq	Significant_Covariates	CANARY_Status
ACC_DFI	ACC	DFI	df377.rds	44	11	TRUE	0.335491796795124	7.967236892411	0	INELIGIBLE__INSUFFICIENT_SURVIVAL_INFORMATION
ACC_DSS	ACC	DSS	df377.rds	75	25	TRUE				ELIGIBLE_NONCOX__GEOMETRY_MU_EXHAUSTED
ACC_OS	ACC	OS	df377.rds	77	27	TRUE				ELIGIBLE_NONCOX__GEOMETRY_MU_EXHAUSTED
ACC_PFI	ACC	PFI	df377.rds	77	40	TRUE	0.0151956487174346	27.7842054052418	6	ELIGIBLE_NONCOX__GEOMETRY_MU_EXHAUSTED
BLCA_DFI	BLCA	DFI	df155.rds	193	31	TRUE				ELIGIBLE_NONCOX__GEOMETRY_MU_EXHAUSTED
BLCA_DSS	BLCA	DSS	df155.rds	410	127	TRUE				ELIGIBLE_NONCOX__GEOMETRY_MU_EXHAUSTED
BLCA_OS	BLCA	OS	df155.rds	425	188	TRUE				ELIGIBLE_NONCOX__GEOMETRY_MU_EXHAUSTED
BLCA_PFI	BLCA	PFI	df155.rds	426	181	TRUE				ELIGIBLE_NONCOX__GEOMETRY_MU_EXHAUSTED
BRCA_DFI	BRCA	DFI	df008.rds	951	84	TRUE				ELIGIBLE_NONCOX__GEOMETRY_MU_EXHAUSTED
BRCA_DSS	BRCA	DSS	df008.rds	1077	85	TRUE			0	ELIGIBLE_NONCOX__GEOMETRY_MU_EXHAUSTED
BRCA_OS	BRCA	OS	df008.rds	1097	154	TRUE				ELIGIBLE_NONCOX__GEOMETRY_MU_EXHAUSTED
BRCA_PFI	BRCA	PFI	df008.rds	1097	147	TRUE				ELIGIBLE_NONCOX__GEOMETRY_MU_EXHAUSTED
CESC_DFI	CESC	DFI	df017.rds	174	26	TRUE				ELIGIBLE_NONCOX__GEOMETRY_MU_EXHAUSTED
CESC_DSS	CESC	DSS	df017.rds	302	55	TRUE				ELIGIBLE_NONCOX__GEOMETRY_MU_EXHAUSTED
CESC_OS	CESC	OS	df017.rds	306	72	TRUE				ELIGIBLE_NONCOX__GEOMETRY_MU_EXHAUSTED
CESC_PFI	CESC	PFI	df017.rds	306	72	TRUE				ELIGIBLE_NONCOX__GEOMETRY_MU_EXHAUSTED
CHOL_DFI	CHOL	DFI	df377.rds	32	12	TRUE	0.474111158425939	4.54329905891342	0	INELIGIBLE__INSUFFICIENT_SURVIVAL_INFORMATION
CHOL_DSS	CHOL	DSS	df377.rds	43	20	TRUE	0.237899345560722	8.00278492893833	1	INELIGIBLE__INSUFFICIENT_SURVIVAL_INFORMATION
CHOL_OS	CHOL	OS	df377.rds	45	23	TRUE	0.0294243303068208	14.0190280895325	1	INELIGIBLE__INSUFFICIENT_SURVIVAL_INFORMATION
CHOL_PFI	CHOL	PFI	df377.rds	45	24	TRUE	0.721559120598625	3.6675620314224	0	INELIGIBLE__INSUFFICIENT_SURVIVAL_INFORMATION
COAD_DFI	COAD	DFI	df368.rds	104	16	TRUE				INELIGIBLE__INSUFFICIENT_SURVIVAL_INFORMATION
COAD_DSS	COAD	DSS	df368.rds	273	36	TRUE				ELIGIBLE_NONCOX__GEOMETRY_MU_EXHAUSTED
COAD_OS	COAD	OS	df368.rds	288	69	TRUE				ELIGIBLE_NONCOX__GEOMETRY_MU_EXHAUSTED
COAD_PFI	COAD	PFI	df368.rds	288	84	TRUE				ELIGIBLE_NONCOX__GEOMETRY_MU_EXHAUSTED
ESCA_DFI	ESCA	DFI	df017.rds	86	22	TRUE				ELIGIBLE_NONCOX__GEOMETRY_MU_EXHAUSTED
ESCA_DSS	ESCA	DSS	df017.rds	180	51	TRUE				ELIGIBLE_NONCOX__GEOMETRY_MU_EXHAUSTED
ESCA_OS	ESCA	OS	df017.rds	182	77	TRUE				ELIGIBLE_NONCOX__GEOMETRY_MU_EXHAUSTED
ESCA_PFI	ESCA	PFI	df017.rds	182	86	TRUE	0	2488.70661353623	50	ELIGIBLE_NONCOX__GEOMETRY_MU_EXHAUSTED
GBM_DSS	GBM	DSS	df017.rds	153	117	TRUE				ELIGIBLE_NONCOX__GEOMETRY_MU_EXHAUSTED
GBM_OS	GBM	OS	df017.rds	165	132	TRUE				ELIGIBLE_NONCOX__GEOMETRY_MU_EXHAUSTED
GBM_PFI	GBM	PFI	df017.rds	165	132	TRUE				ELIGIBLE_NONCOX__GEOMETRY_MU_EXHAUSTED
HNSC_DFI	HNSC	DFI	df017.rds	128	28	TRUE				ELIGIBLE_NONCOX__GEOMETRY_MU_EXHAUSTED
HNSC_DSS	HNSC	DSS	df017.rds	493	131	TRUE				ELIGIBLE_NONCOX__GEOMETRY_MU_EXHAUSTED
HNSC_OS	HNSC	OS	df017.rds	519	221	TRUE				ELIGIBLE_NONCOX__GEOMETRY_MU_EXHAUSTED
HNSC_PFI	HNSC	PFI	df017.rds	519	198	TRUE				ELIGIBLE_NONCOX__GEOMETRY_MU_EXHAUSTED
KICH_DFI	KICH	DFI	df377.rds	29	3	FALSE				INELIGIBLE__INSUFFICIENT_SURVIVAL_INFORMATION
KICH_DSS	KICH	DSS	df377.rds	65	7	TRUE				INELIGIBLE__INSUFFICIENT_SURVIVAL_INFORMATION
KICH_OS	KICH	OS	df377.rds	65	9	TRUE				INELIGIBLE__INSUFFICIENT_SURVIVAL_INFORMATION
KICH_PFI	KICH	PFI	df377.rds	65	11	TRUE				INELIGIBLE__INSUFFICIENT_SURVIVAL_INFORMATION
KIRC_DFI	KIRC	DFI	df161.rds	132	22	TRUE				ELIGIBLE_NONCOX__GEOMETRY_MU_EXHAUSTED
KIRC_DSS	KIRC	DSS	df161.rds	589	125	TRUE				ELIGIBLE_NONCOX__GEOMETRY_MU_EXHAUSTED
KIRC_OS	KIRC	OS	df161.rds	603	200	TRUE				ELIGIBLE_NONCOX__GEOMETRY_MU_EXHAUSTED
KIRC_PFI	KIRC	PFI	df161.rds	601	192	TRUE				ELIGIBLE_NONCOX__GEOMETRY_MU_EXHAUSTED
KIRP_DFI	KIRP	DFI	df377.rds	182	28	TRUE				ELIGIBLE_NONCOX__GEOMETRY_MU_EXHAUSTED
KIRP_DSS	KIRP	DSS	df377.rds	284	28	TRUE				ELIGIBLE_NONCOX__GEOMETRY_MU_EXHAUSTED
KIRP_OS	KIRP	OS	df377.rds	288	44	TRUE				ELIGIBLE_NONCOX__GEOMETRY_MU_EXHAUSTED
KIRP_PFI	KIRP	PFI	df377.rds	287	57	TRUE				ELIGIBLE_NONCOX__GEOMETRY_MU_EXHAUSTED
LAML_OS	LAML	OS	df377.rds	161	104	TRUE	1.49836902713362e-05	111.493333986536	2	ELIGIBLE_NONCOX__GEOMETRY_MU_EXHAUSTED
LGG_DFI	LGG	DFI	df374.rds	136	23	TRUE				ELIGIBLE_NONCOX__GEOMETRY_MU_EXHAUSTED
LGG_DSS	LGG	DSS	df374.rds	513	117	TRUE				ELIGIBLE_NONCOX__GEOMETRY_MU_EXHAUSTED
LGG_OS	LGG	OS	df374.rds	521	130	TRUE				ELIGIBLE_NONCOX__GEOMETRY_MU_EXHAUSTED
LGG_PFI	LGG	PFI	df374.rds	521	203	TRUE				ELIGIBLE_NONCOX__GEOMETRY_MU_EXHAUSTED
LIHC_DFI	LIHC	DFI	df160.rds	355	165	TRUE				ELIGIBLE_NONCOX__GEOMETRY_MU_EXHAUSTED
LIHC_DSS	LIHC	DSS	df160.rds	409	96	TRUE				ELIGIBLE_NONCOX__GEOMETRY_MU_EXHAUSTED
LIHC_OS	LIHC	OS	df160.rds	420	162	TRUE				ELIGIBLE_NONCOX__GEOMETRY_MU_EXHAUSTED
LIHC_PFI	LIHC	PFI	df160.rds	420	209	TRUE				ELIGIBLE_NONCOX__GEOMETRY_MU_EXHAUSTED
LUAD_DFI	LUAD	DFI	df017.rds	301	90	TRUE				ELIGIBLE_NONCOX__GEOMETRY_MU_EXHAUSTED
LUAD_DSS	LUAD	DSS	df017.rds	471	112	TRUE				ELIGIBLE_NONCOX__GEOMETRY_MU_EXHAUSTED
LUAD_OS	LUAD	OS	df017.rds	506	183	TRUE				ELIGIBLE_NONCOX__GEOMETRY_MU_EXHAUSTED
LUAD_PFI	LUAD	PFI	df017.rds	506	208	TRUE				ELIGIBLE_NONCOX__GEOMETRY_MU_EXHAUSTED
LUSC_DFI	LUSC	DFI	df147.rds	323	68	TRUE				ELIGIBLE_NONCOX__GEOMETRY_MU_EXHAUSTED
LUSC_DSS	LUSC	DSS	df147.rds	480	97	TRUE				ELIGIBLE_NONCOX__GEOMETRY_MU_EXHAUSTED
LUSC_OS	LUSC	OS	df147.rds	542	242	TRUE				ELIGIBLE_NONCOX__GEOMETRY_MU_EXHAUSTED
LUSC_PFI	LUSC	PFI	df147.rds	543	160	TRUE				ELIGIBLE_NONCOX__GEOMETRY_MU_EXHAUSTED
MESO_DSS	MESO	DSS	df017.rds	62	42	TRUE	0.206479561483994	13.3170854251643	1	ELIGIBLE_NONCOX__GEOMETRY_MU_EXHAUSTED
MESO_OS	MESO	OS	df017.rds	80	68	TRUE	0.0741179215196537	18.3353746542006	1	ELIGIBLE_NONCOX__GEOMETRY_MU_EXHAUSTED
MESO_PFI	MESO	PFI	df017.rds	78	55	TRUE	0.262880310813364	13.4838452464789	1	ELIGIBLE_NONCOX__GEOMETRY_MU_EXHAUSTED
OV_DFI	OV	DFI	df377.rds	211	150	TRUE	0.000848061123897783	88.6710067951489	3	ELIGIBLE_NONCOX__GEOMETRY_MU_EXHAUSTED
OV_DSS	OV	DSS	df377.rds	395	227	TRUE	2.06703314519459e-05	103.306195870965	9	ELIGIBLE_NONCOX__GEOMETRY_MU_EXHAUSTED
OV_OS	OV	OS	df377.rds	425	265	TRUE	8.85198831984632e-05	97.8098785945677	9	ELIGIBLE_NONCOX__GEOMETRY_MU_EXHAUSTED
OV_PFI	OV	PFI	df377.rds	425	309	TRUE	0.0952261376137021	64.6221826749429	3	ELIGIBLE_NONCOX__GEOMETRY_MU_EXHAUSTED
PAAD_DFI	PAAD	DFI	df377.rds	69	23	TRUE			0	ELIGIBLE_NONCOX__GEOMETRY_MU_EXHAUSTED
PAAD_DSS	PAAD	DSS	df377.rds	173	73	TRUE				ELIGIBLE_NONCOX__GEOMETRY_MU_EXHAUSTED
PAAD_OS	PAAD	OS	df377.rds	179	93	TRUE				ELIGIBLE_NONCOX__GEOMETRY_MU_EXHAUSTED
PAAD_PFI	PAAD	PFI	df377.rds	179	105	TRUE				ELIGIBLE_NONCOX__GEOMETRY_MU_EXHAUSTED
PCPG_DFI	PCPG	DFI	df161.rds	162	4	TRUE				INELIGIBLE__INSUFFICIENT_SURVIVAL_INFORMATION
PCPG_DSS	PCPG	DSS	df161.rds	185	6	TRUE				INELIGIBLE__INSUFFICIENT_SURVIVAL_INFORMATION
PCPG_OS	PCPG	OS	df161.rds	185	8	TRUE				INELIGIBLE__INSUFFICIENT_SURVIVAL_INFORMATION
PCPG_PFI	PCPG	PFI	df161.rds	185	23	TRUE				ELIGIBLE_NONCOX__GEOMETRY_MU_EXHAUSTED
PRAD_DFI	PRAD	DFI	df374.rds	338	31	TRUE				ELIGIBLE_NONCOX__GEOMETRY_MU_EXHAUSTED
PRAD_DSS	PRAD	DSS	df374.rds	494	5	TRUE				INELIGIBLE__INSUFFICIENT_SURVIVAL_INFORMATION
PRAD_OS	PRAD	OS	df374.rds	496	10	TRUE				INELIGIBLE__INSUFFICIENT_SURVIVAL_INFORMATION
PRAD_PFI	PRAD	PFI	df374.rds	496	93	TRUE				ELIGIBLE_NONCOX__GEOMETRY_MU_EXHAUSTED
READ_DFI	READ	DFI	df160.rds	32	6	TRUE				INELIGIBLE__INSUFFICIENT_SURVIVAL_INFORMATION
READ_DSS	READ	DSS	df160.rds	96	7	TRUE				INELIGIBLE__INSUFFICIENT_SURVIVAL_INFORMATION
READ_OS	READ	OS	df160.rds	102	20	TRUE				ELIGIBLE_NONCOX__GEOMETRY_MU_EXHAUSTED
READ_PFI	READ	PFI	df160.rds	102	23	TRUE				ELIGIBLE_NONCOX__GEOMETRY_MU_EXHAUSTED
SARC_DFI	SARC	DFI	df305.rds	157	69	TRUE				ELIGIBLE_NONCOX__GEOMETRY_MU_EXHAUSTED
SARC_DSS	SARC	DSS	df305.rds	258	82	TRUE				ELIGIBLE_NONCOX__GEOMETRY_MU_EXHAUSTED
SARC_OS	SARC	OS	df305.rds	264	99	TRUE				ELIGIBLE_NONCOX__GEOMETRY_MU_EXHAUSTED
SARC_PFI	SARC	PFI	df305.rds	264	141	TRUE				ELIGIBLE_NONCOX__GEOMETRY_MU_EXHAUSTED
SKCM_DSS	SKCM	DSS	df377.rds	448	188	TRUE				ELIGIBLE_NONCOX__GEOMETRY_MU_EXHAUSTED
SKCM_OS	SKCM	OS	df377.rds	454	214	TRUE				ELIGIBLE_NONCOX__GEOMETRY_MU_EXHAUSTED
SKCM_PFI	SKCM	PFI	df377.rds	455	307	TRUE				ELIGIBLE_NONCOX__GEOMETRY_MU_EXHAUSTED
STAD_DFI	STAD	DFI	df157.rds	261	48	TRUE				ELIGIBLE_NONCOX__GEOMETRY_MU_EXHAUSTED
STAD_DSS	STAD	DSS	df157.rds	420	98	TRUE				ELIGIBLE_NONCOX__GEOMETRY_MU_EXHAUSTED
STAD_OS	STAD	OS	df157.rds	443	167	TRUE				ELIGIBLE_NONCOX__GEOMETRY_MU_EXHAUSTED
STAD_PFI	STAD	PFI	df157.rds	445	141	TRUE				ELIGIBLE_NONCOX__GEOMETRY_MU_EXHAUSTED
TGCT_DFI	TGCT	DFI	df377.rds	108	30	TRUE				ELIGIBLE_NONCOX__GEOMETRY_MU_EXHAUSTED
TGCT_DSS	TGCT	DSS	df377.rds	137	3	TRUE				INELIGIBLE__INSUFFICIENT_SURVIVAL_INFORMATION
TGCT_OS	TGCT	OS	df377.rds	137	4	TRUE				INELIGIBLE__INSUFFICIENT_SURVIVAL_INFORMATION
TGCT_PFI	TGCT	PFI	df377.rds	137	38	TRUE				ELIGIBLE_NONCOX__GEOMETRY_MU_EXHAUSTED
THCA_DFI	THCA	DFI	df377.rds	360	27	TRUE				ELIGIBLE_NONCOX__GEOMETRY_MU_EXHAUSTED
THCA_DSS	THCA	DSS	df377.rds	506	7	TRUE				INELIGIBLE__INSUFFICIENT_SURVIVAL_INFORMATION
THCA_OS	THCA	OS	df377.rds	512	16	TRUE				ELIGIBLE_NONCOX__GEOMETRY_MU_EXHAUSTED
THCA_PFI	THCA	PFI	df377.rds	512	54	TRUE				ELIGIBLE_NONCOX__GEOMETRY_MU_EXHAUSTED
THYM_DSS	THYM	DSS	df377.rds	118	4	TRUE				INELIGIBLE__INSUFFICIENT_SURVIVAL_INFORMATION
THYM_OS	THYM	OS	df377.rds	118	8	TRUE				INELIGIBLE__INSUFFICIENT_SURVIVAL_INFORMATION
THYM_PFI	THYM	PFI	df377.rds	118	21	TRUE				ELIGIBLE_NONCOX__GEOMETRY_MU_EXHAUSTED
UCEC_DFI	UCEC	DFI	df377.rds	117	17	TRUE				INELIGIBLE__INSUFFICIENT_SURVIVAL_INFORMATION
UCEC_DSS	UCEC	DSS	df377.rds	178	24	TRUE				ELIGIBLE_NONCOX__GEOMETRY_MU_EXHAUSTED
UCEC_OS	UCEC	OS	df377.rds	180	34	TRUE				ELIGIBLE_NONCOX__GEOMETRY_MU_EXHAUSTED
UCEC_PFI	UCEC	PFI	df377.rds	180	46	TRUE				ELIGIBLE_NONCOX__GEOMETRY_MU_EXHAUSTED
UCS_DFI	UCS	DFI	df377.rds	27	10	FALSE				INELIGIBLE__INSUFFICIENT_SURVIVAL_INFORMATION
UCS_DSS	UCS	DSS	df377.rds	55	31	TRUE	0.774542262058939	0.0820470356826565	0	ELIGIBLE_NONCOX__GEOMETRY_MU_EXHAUSTED
UCS_OS	UCS	OS	df377.rds	57	35	TRUE	0.738925070313174	0.111073672614716	0	ELIGIBLE_NONCOX__GEOMETRY_MU_EXHAUSTED
UCS_PFI	UCS	PFI	df377.rds	57	37	TRUE	0.794328758891369	0.067961182162571	0	ELIGIBLE_NONCOX__GEOMETRY_MU_EXHAUSTED
UVM_DSS	UVM	DSS	df377.rds	79	20	TRUE	0.126355196743421	18.8962670170773	2	ELIGIBLE_NONCOX__GEOMETRY_MU_EXHAUSTED
UVM_OS	UVM	OS	df377.rds	79	22	TRUE	0.260566626832001	15.7916024772791	1	ELIGIBLE_NONCOX__GEOMETRY_MU_EXHAUSTED
UVM_PFI	UVM	PFI	df377.rds	78	28	TRUE	0.600819857886227	11.1193503573843	0	ELIGIBLE_NONCOX__GEOMETRY_MU_EXHAUSTED
