cohort	model	param	value
ACC_DSS_df377	XGBoost	objective	survival:cox
ACC_DSS_df377	XGBoost	eval_metric	cox-nloglik
ACC_DSS_df377	XGBoost	eta	0.05
ACC_DSS_df377	XGBoost	max_depth	4
ACC_DSS_df377	XGBoost	min_child_weight	3
ACC_DSS_df377	XGBoost	subsample	0.8
ACC_DSS_df377	XGBoost	nthread	1
ACC_DSS_df377	XGBoost	validate_parameters	TRUE
ACC_DSS_df377	XGBoost	nrounds	500
ACC_DSS_df377	RSF	ntree	1000
ACC_DSS_df377	RSF	mtry	5
ACC_DSS_df377	RSF	nodesize	15
ACC_DSS_df377	MTLR	nintervals	default
ACC_DSS_df377	MTLR	regularization	C1=100
ACC_DSS_df377	MVL	weight_XGBoost	2.751979
ACC_DSS_df377	MVL	weight_RSF	0.27455
ACC_DSS_df377	MVL	weight_MTLR	0.094062
ACC_DSS_df377	MVL	weight_Boruta	0
ACC_OS_df377	XGBoost	objective	survival:cox
ACC_OS_df377	XGBoost	eval_metric	cox-nloglik
ACC_OS_df377	XGBoost	eta	0.05
ACC_OS_df377	XGBoost	max_depth	4
ACC_OS_df377	XGBoost	min_child_weight	3
ACC_OS_df377	XGBoost	subsample	0.8
ACC_OS_df377	XGBoost	nthread	1
ACC_OS_df377	XGBoost	validate_parameters	TRUE
ACC_OS_df377	XGBoost	nrounds	500
ACC_OS_df377	RSF	ntree	1000
ACC_OS_df377	RSF	mtry	5
ACC_OS_df377	RSF	nodesize	15
ACC_OS_df377	MTLR	nintervals	default
ACC_OS_df377	MTLR	regularization	C1=100
ACC_OS_df377	MVL	weight_XGBoost	3.70077
ACC_OS_df377	MVL	weight_RSF	0.341528
ACC_OS_df377	MVL	weight_MTLR	0.044572
ACC_OS_df377	MVL	weight_Boruta	0.015211
ACC_PFI_df377	XGBoost	objective	survival:cox
ACC_PFI_df377	XGBoost	eval_metric	cox-nloglik
ACC_PFI_df377	XGBoost	eta	0.05
ACC_PFI_df377	XGBoost	max_depth	4
ACC_PFI_df377	XGBoost	min_child_weight	3
ACC_PFI_df377	XGBoost	subsample	0.8
ACC_PFI_df377	XGBoost	nthread	1
ACC_PFI_df377	XGBoost	validate_parameters	TRUE
ACC_PFI_df377	XGBoost	nrounds	500
ACC_PFI_df377	RSF	ntree	1000
ACC_PFI_df377	RSF	mtry	5
ACC_PFI_df377	RSF	nodesize	15
ACC_PFI_df377	MTLR	nintervals	default
ACC_PFI_df377	MTLR	regularization	C1=1
ACC_PFI_df377	MVL	weight_XGBoost	0.750381
ACC_PFI_df377	MVL	weight_MTLR	0.35289
ACC_PFI_df377	MVL	weight_RSF	0.170865
ACC_PFI_df377	MVL	weight_Boruta	0
BLCA_DFI_df155	XGBoost	objective	survival:cox
BLCA_DFI_df155	XGBoost	eval_metric	cox-nloglik
BLCA_DFI_df155	XGBoost	eta	0.05
BLCA_DFI_df155	XGBoost	max_depth	4
BLCA_DFI_df155	XGBoost	min_child_weight	3
BLCA_DFI_df155	XGBoost	subsample	0.8
BLCA_DFI_df155	XGBoost	nthread	1
BLCA_DFI_df155	XGBoost	validate_parameters	TRUE
BLCA_DFI_df155	XGBoost	nrounds	500
BLCA_DFI_df155	RSF	ntree	1000
BLCA_DFI_df155	RSF	mtry	24
BLCA_DFI_df155	RSF	nodesize	15
BLCA_DFI_df155	MTLR	nintervals	default
BLCA_DFI_df155	MTLR	regularization	C1=0.01
BLCA_DFI_df155	MVL	weight_RSF	0.25
BLCA_DFI_df155	MVL	weight_XGBoost	0.25
BLCA_DFI_df155	MVL	weight_MTLR	0.25
BLCA_DFI_df155	MVL	weight_Boruta	0.25
BLCA_DSS_df155	XGBoost	objective	survival:cox
BLCA_DSS_df155	XGBoost	eval_metric	cox-nloglik
BLCA_DSS_df155	XGBoost	eta	0.05
BLCA_DSS_df155	XGBoost	max_depth	4
BLCA_DSS_df155	XGBoost	min_child_weight	3
BLCA_DSS_df155	XGBoost	subsample	0.8
BLCA_DSS_df155	XGBoost	nthread	1
BLCA_DSS_df155	XGBoost	validate_parameters	TRUE
BLCA_DSS_df155	XGBoost	nrounds	500
BLCA_DSS_df155	RSF	ntree	1000
BLCA_DSS_df155	RSF	mtry	24
BLCA_DSS_df155	RSF	nodesize	15
BLCA_DSS_df155	MTLR	nintervals	default
BLCA_DSS_df155	MTLR	regularization	C1=1
BLCA_DSS_df155	MVL	weight_RSF	0.25
BLCA_DSS_df155	MVL	weight_XGBoost	0.25
BLCA_DSS_df155	MVL	weight_MTLR	0.25
BLCA_DSS_df155	MVL	weight_Boruta	0.25
BLCA_OS_df155	XGBoost	objective	survival:cox
BLCA_OS_df155	XGBoost	eval_metric	cox-nloglik
BLCA_OS_df155	XGBoost	eta	0.05
BLCA_OS_df155	XGBoost	max_depth	4
BLCA_OS_df155	XGBoost	min_child_weight	3
BLCA_OS_df155	XGBoost	subsample	0.8
BLCA_OS_df155	XGBoost	nthread	1
BLCA_OS_df155	XGBoost	validate_parameters	TRUE
BLCA_OS_df155	XGBoost	nrounds	500
BLCA_OS_df155	RSF	ntree	1000
BLCA_OS_df155	RSF	mtry	24
BLCA_OS_df155	RSF	nodesize	15
BLCA_OS_df155	MTLR	nintervals	default
BLCA_OS_df155	MTLR	regularization	C1=0.1
BLCA_OS_df155	MVL	weight_RSF	0.25
BLCA_OS_df155	MVL	weight_XGBoost	0.25
BLCA_OS_df155	MVL	weight_MTLR	0.25
BLCA_OS_df155	MVL	weight_Boruta	0.25
BLCA_PFI_df155	XGBoost	objective	survival:cox
BLCA_PFI_df155	XGBoost	eval_metric	cox-nloglik
BLCA_PFI_df155	XGBoost	eta	0.05
BLCA_PFI_df155	XGBoost	max_depth	4
BLCA_PFI_df155	XGBoost	min_child_weight	3
BLCA_PFI_df155	XGBoost	subsample	0.8
BLCA_PFI_df155	XGBoost	nthread	1
BLCA_PFI_df155	XGBoost	validate_parameters	TRUE
BLCA_PFI_df155	XGBoost	nrounds	500
BLCA_PFI_df155	RSF	ntree	1000
BLCA_PFI_df155	RSF	mtry	24
BLCA_PFI_df155	RSF	nodesize	15
BLCA_PFI_df155	MTLR	nintervals	default
BLCA_PFI_df155	MTLR	regularization	C1=1
BLCA_PFI_df155	MVL	weight_RSF	0.25
BLCA_PFI_df155	MVL	weight_XGBoost	0.25
BLCA_PFI_df155	MVL	weight_MTLR	0.25
BLCA_PFI_df155	MVL	weight_Boruta	0.25
BRCA_DFI_df008	XGBoost	objective	survival:cox
BRCA_DFI_df008	XGBoost	eval_metric	cox-nloglik
BRCA_DFI_df008	XGBoost	eta	0.05
BRCA_DFI_df008	XGBoost	max_depth	4
BRCA_DFI_df008	XGBoost	min_child_weight	3
BRCA_DFI_df008	XGBoost	subsample	0.8
BRCA_DFI_df008	XGBoost	nthread	1
BRCA_DFI_df008	XGBoost	validate_parameters	TRUE
BRCA_DFI_df008	XGBoost	nrounds	500
BRCA_DFI_df008	RSF	ntree	1000
BRCA_DFI_df008	RSF	mtry	31
BRCA_DFI_df008	RSF	nodesize	15
BRCA_DFI_df008	MTLR	nintervals	default
BRCA_DFI_df008	MTLR	regularization	C1=10
BRCA_DFI_df008	MVL	weight_RSF	0.25
BRCA_DFI_df008	MVL	weight_XGBoost	0.25
BRCA_DFI_df008	MVL	weight_MTLR	0.25
BRCA_DFI_df008	MVL	weight_Boruta	0.25
BRCA_DSS_df008	XGBoost	objective	survival:cox
BRCA_DSS_df008	XGBoost	eval_metric	cox-nloglik
BRCA_DSS_df008	XGBoost	eta	0.05
BRCA_DSS_df008	XGBoost	max_depth	4
BRCA_DSS_df008	XGBoost	min_child_weight	3
BRCA_DSS_df008	XGBoost	subsample	0.8
BRCA_DSS_df008	XGBoost	nthread	1
BRCA_DSS_df008	XGBoost	validate_parameters	TRUE
BRCA_DSS_df008	XGBoost	nrounds	500
BRCA_DSS_df008	RSF	ntree	1000
BRCA_DSS_df008	RSF	mtry	31
BRCA_DSS_df008	RSF	nodesize	15
BRCA_DSS_df008	MTLR	nintervals	default
BRCA_DSS_df008	MTLR	regularization	C1=1
BRCA_DSS_df008	MVL	weight_RSF	0.25
BRCA_DSS_df008	MVL	weight_XGBoost	0.25
BRCA_DSS_df008	MVL	weight_MTLR	0.25
BRCA_DSS_df008	MVL	weight_Boruta	0.25
BRCA_OS_df008	XGBoost	objective	survival:cox
BRCA_OS_df008	XGBoost	eval_metric	cox-nloglik
BRCA_OS_df008	XGBoost	eta	0.05
BRCA_OS_df008	XGBoost	max_depth	4
BRCA_OS_df008	XGBoost	min_child_weight	3
BRCA_OS_df008	XGBoost	subsample	0.8
BRCA_OS_df008	XGBoost	nthread	1
BRCA_OS_df008	XGBoost	validate_parameters	TRUE
BRCA_OS_df008	XGBoost	nrounds	500
BRCA_OS_df008	RSF	ntree	1000
BRCA_OS_df008	RSF	mtry	31
BRCA_OS_df008	RSF	nodesize	15
BRCA_OS_df008	MTLR	nintervals	default
BRCA_OS_df008	MTLR	regularization	C1=0.1
BRCA_OS_df008	MVL	weight_RSF	0.25
BRCA_OS_df008	MVL	weight_XGBoost	0.25
BRCA_OS_df008	MVL	weight_MTLR	0.25
BRCA_OS_df008	MVL	weight_Boruta	0.25
BRCA_PFI_df008	XGBoost	objective	survival:cox
BRCA_PFI_df008	XGBoost	eval_metric	cox-nloglik
BRCA_PFI_df008	XGBoost	eta	0.05
BRCA_PFI_df008	XGBoost	max_depth	4
BRCA_PFI_df008	XGBoost	min_child_weight	3
BRCA_PFI_df008	XGBoost	subsample	0.8
BRCA_PFI_df008	XGBoost	nthread	1
BRCA_PFI_df008	XGBoost	validate_parameters	TRUE
BRCA_PFI_df008	XGBoost	nrounds	500
BRCA_PFI_df008	RSF	ntree	1000
BRCA_PFI_df008	RSF	mtry	31
BRCA_PFI_df008	RSF	nodesize	15
BRCA_PFI_df008	MTLR	nintervals	default
BRCA_PFI_df008	MTLR	regularization	C1=1
BRCA_PFI_df008	MVL	weight_RSF	0.25
BRCA_PFI_df008	MVL	weight_XGBoost	0.25
BRCA_PFI_df008	MVL	weight_MTLR	0.25
BRCA_PFI_df008	MVL	weight_Boruta	0.25
CESC_DFI_df017	XGBoost	objective	survival:cox
CESC_DFI_df017	XGBoost	eval_metric	cox-nloglik
CESC_DFI_df017	XGBoost	eta	0.05
CESC_DFI_df017	XGBoost	max_depth	4
CESC_DFI_df017	XGBoost	min_child_weight	3
CESC_DFI_df017	XGBoost	subsample	0.8
CESC_DFI_df017	XGBoost	nthread	1
CESC_DFI_df017	XGBoost	validate_parameters	TRUE
CESC_DFI_df017	XGBoost	nrounds	500
CESC_DFI_df017	RSF	ntree	1000
CESC_DFI_df017	RSF	mtry	16
CESC_DFI_df017	RSF	nodesize	15
CESC_DFI_df017	MTLR	nintervals	default
CESC_DFI_df017	MTLR	regularization	C1=10
CESC_DFI_df017	MVL	weight_XGBoost	3.494078
CESC_DFI_df017	MVL	weight_MTLR	3.379384
CESC_DFI_df017	MVL	weight_RSF	-2.560686
CESC_DFI_df017	MVL	weight_Boruta	-0.203014
CESC_DSS_df017	XGBoost	objective	survival:cox
CESC_DSS_df017	XGBoost	eval_metric	cox-nloglik
CESC_DSS_df017	XGBoost	eta	0.05
CESC_DSS_df017	XGBoost	max_depth	4
CESC_DSS_df017	XGBoost	min_child_weight	3
CESC_DSS_df017	XGBoost	subsample	0.8
CESC_DSS_df017	XGBoost	nthread	1
CESC_DSS_df017	XGBoost	validate_parameters	TRUE
CESC_DSS_df017	XGBoost	nrounds	500
CESC_DSS_df017	RSF	ntree	1000
CESC_DSS_df017	RSF	mtry	16
CESC_DSS_df017	RSF	nodesize	15
CESC_DSS_df017	MTLR	nintervals	default
CESC_DSS_df017	MTLR	regularization	C1=1
CESC_DSS_df017	MVL	weight_RSF	0.25
CESC_DSS_df017	MVL	weight_XGBoost	0.25
CESC_DSS_df017	MVL	weight_MTLR	0.25
CESC_DSS_df017	MVL	weight_Boruta	0.25
CESC_OS_df017	XGBoost	objective	survival:cox
CESC_OS_df017	XGBoost	eval_metric	cox-nloglik
CESC_OS_df017	XGBoost	eta	0.05
CESC_OS_df017	XGBoost	max_depth	4
CESC_OS_df017	XGBoost	min_child_weight	3
CESC_OS_df017	XGBoost	subsample	0.8
CESC_OS_df017	XGBoost	nthread	1
CESC_OS_df017	XGBoost	validate_parameters	TRUE
CESC_OS_df017	XGBoost	nrounds	500
CESC_OS_df017	RSF	ntree	1000
CESC_OS_df017	RSF	mtry	16
CESC_OS_df017	RSF	nodesize	15
CESC_OS_df017	MTLR	nintervals	default
CESC_OS_df017	MTLR	regularization	C1=0.1
CESC_OS_df017	MVL	weight_RSF	0.25
CESC_OS_df017	MVL	weight_XGBoost	0.25
CESC_OS_df017	MVL	weight_MTLR	0.25
CESC_OS_df017	MVL	weight_Boruta	0.25
CESC_PFI_df017	XGBoost	objective	survival:cox
CESC_PFI_df017	XGBoost	eval_metric	cox-nloglik
CESC_PFI_df017	XGBoost	eta	0.05
CESC_PFI_df017	XGBoost	max_depth	4
CESC_PFI_df017	XGBoost	min_child_weight	3
CESC_PFI_df017	XGBoost	subsample	0.8
CESC_PFI_df017	XGBoost	nthread	1
CESC_PFI_df017	XGBoost	validate_parameters	TRUE
CESC_PFI_df017	XGBoost	nrounds	500
CESC_PFI_df017	RSF	ntree	1000
CESC_PFI_df017	RSF	mtry	16
CESC_PFI_df017	RSF	nodesize	15
CESC_PFI_df017	MTLR	nintervals	default
CESC_PFI_df017	MTLR	regularization	C1=0.01
CESC_PFI_df017	MVL	weight_RSF	0.25
CESC_PFI_df017	MVL	weight_XGBoost	0.25
CESC_PFI_df017	MVL	weight_MTLR	0.25
CESC_PFI_df017	MVL	weight_Boruta	0.25
COAD_DSS_df368	XGBoost	objective	survival:cox
COAD_DSS_df368	XGBoost	eval_metric	cox-nloglik
COAD_DSS_df368	XGBoost	eta	0.05
COAD_DSS_df368	XGBoost	max_depth	4
COAD_DSS_df368	XGBoost	min_child_weight	3
COAD_DSS_df368	XGBoost	subsample	0.8
COAD_DSS_df368	XGBoost	nthread	1
COAD_DSS_df368	XGBoost	validate_parameters	TRUE
COAD_DSS_df368	XGBoost	nrounds	500
COAD_DSS_df368	RSF	ntree	1000
COAD_DSS_df368	RSF	mtry	24
COAD_DSS_df368	RSF	nodesize	15
COAD_DSS_df368	MTLR	nintervals	default
COAD_DSS_df368	MTLR	regularization	C1=10
COAD_DSS_df368	MVL	weight_RSF	0.25
COAD_DSS_df368	MVL	weight_XGBoost	0.25
COAD_DSS_df368	MVL	weight_MTLR	0.25
COAD_DSS_df368	MVL	weight_Boruta	0.25
COAD_OS_df368	XGBoost	objective	survival:cox
COAD_OS_df368	XGBoost	eval_metric	cox-nloglik
COAD_OS_df368	XGBoost	eta	0.05
COAD_OS_df368	XGBoost	max_depth	4
COAD_OS_df368	XGBoost	min_child_weight	3
COAD_OS_df368	XGBoost	subsample	0.8
COAD_OS_df368	XGBoost	nthread	1
COAD_OS_df368	XGBoost	validate_parameters	TRUE
COAD_OS_df368	XGBoost	nrounds	500
COAD_OS_df368	RSF	ntree	1000
COAD_OS_df368	RSF	mtry	24
COAD_OS_df368	RSF	nodesize	15
COAD_OS_df368	MTLR	nintervals	default
COAD_OS_df368	MTLR	regularization	C1=100
COAD_OS_df368	MVL	weight_RSF	0.25
COAD_OS_df368	MVL	weight_XGBoost	0.25
COAD_OS_df368	MVL	weight_MTLR	0.25
COAD_OS_df368	MVL	weight_Boruta	0.25
COAD_PFI_df368	XGBoost	objective	survival:cox
COAD_PFI_df368	XGBoost	eval_metric	cox-nloglik
COAD_PFI_df368	XGBoost	eta	0.05
COAD_PFI_df368	XGBoost	max_depth	4
COAD_PFI_df368	XGBoost	min_child_weight	3
COAD_PFI_df368	XGBoost	subsample	0.8
COAD_PFI_df368	XGBoost	nthread	1
COAD_PFI_df368	XGBoost	validate_parameters	TRUE
COAD_PFI_df368	XGBoost	nrounds	500
COAD_PFI_df368	RSF	ntree	1000
COAD_PFI_df368	RSF	mtry	24
COAD_PFI_df368	RSF	nodesize	15
COAD_PFI_df368	MTLR	nintervals	default
COAD_PFI_df368	MTLR	regularization	C1=1
COAD_PFI_df368	MVL	weight_RSF	0.25
COAD_PFI_df368	MVL	weight_XGBoost	0.25
COAD_PFI_df368	MVL	weight_MTLR	0.25
COAD_PFI_df368	MVL	weight_Boruta	0.25
ESCA_DFI_df017	XGBoost	objective	survival:cox
ESCA_DFI_df017	XGBoost	eval_metric	cox-nloglik
ESCA_DFI_df017	XGBoost	eta	0.05
ESCA_DFI_df017	XGBoost	max_depth	4
ESCA_DFI_df017	XGBoost	min_child_weight	3
ESCA_DFI_df017	XGBoost	subsample	0.8
ESCA_DFI_df017	XGBoost	nthread	1
ESCA_DFI_df017	XGBoost	validate_parameters	TRUE
ESCA_DFI_df017	XGBoost	nrounds	500
ESCA_DFI_df017	RSF	ntree	1000
ESCA_DFI_df017	RSF	mtry	10
ESCA_DFI_df017	RSF	nodesize	15
ESCA_DFI_df017	MTLR	nintervals	default
ESCA_DFI_df017	MTLR	regularization	C1=0.1
ESCA_DFI_df017	MVL	weight_XGBoost	15.138903
ESCA_DFI_df017	MVL	weight_MTLR	1.741667
ESCA_DFI_df017	MVL	weight_Boruta	-0.474871
ESCA_DFI_df017	MVL	weight_RSF	-0.37649
ESCA_DSS_df017	XGBoost	objective	survival:cox
ESCA_DSS_df017	XGBoost	eval_metric	cox-nloglik
ESCA_DSS_df017	XGBoost	eta	0.05
ESCA_DSS_df017	XGBoost	max_depth	4
ESCA_DSS_df017	XGBoost	min_child_weight	3
ESCA_DSS_df017	XGBoost	subsample	0.8
ESCA_DSS_df017	XGBoost	nthread	1
ESCA_DSS_df017	XGBoost	validate_parameters	TRUE
ESCA_DSS_df017	XGBoost	nrounds	500
ESCA_DSS_df017	RSF	ntree	1000
ESCA_DSS_df017	RSF	mtry	10
ESCA_DSS_df017	RSF	nodesize	15
ESCA_DSS_df017	MTLR	nintervals	default
ESCA_DSS_df017	MTLR	regularization	C1=0.1
ESCA_DSS_df017	MVL	weight_XGBoost	0.758259
ESCA_DSS_df017	MVL	weight_MTLR	0.560829
ESCA_DSS_df017	MVL	weight_RSF	0
ESCA_DSS_df017	MVL	weight_Boruta	0
ESCA_OS_df017	XGBoost	objective	survival:cox
ESCA_OS_df017	XGBoost	eval_metric	cox-nloglik
ESCA_OS_df017	XGBoost	eta	0.05
ESCA_OS_df017	XGBoost	max_depth	4
ESCA_OS_df017	XGBoost	min_child_weight	3
ESCA_OS_df017	XGBoost	subsample	0.8
ESCA_OS_df017	XGBoost	nthread	1
ESCA_OS_df017	XGBoost	validate_parameters	TRUE
ESCA_OS_df017	XGBoost	nrounds	500
ESCA_OS_df017	RSF	ntree	1000
ESCA_OS_df017	RSF	mtry	10
ESCA_OS_df017	RSF	nodesize	15
ESCA_OS_df017	MTLR	nintervals	default
ESCA_OS_df017	MTLR	regularization	C1=1
ESCA_OS_df017	MVL	weight_XGBoost	0.68335
ESCA_OS_df017	MVL	weight_MTLR	0.243929
ESCA_OS_df017	MVL	weight_Boruta	0.094892
ESCA_OS_df017	MVL	weight_RSF	0.018819
ESCA_PFI_df017	XGBoost	objective	survival:cox
ESCA_PFI_df017	XGBoost	eval_metric	cox-nloglik
ESCA_PFI_df017	XGBoost	eta	0.05
ESCA_PFI_df017	XGBoost	max_depth	4
ESCA_PFI_df017	XGBoost	min_child_weight	3
ESCA_PFI_df017	XGBoost	subsample	0.8
ESCA_PFI_df017	XGBoost	nthread	1
ESCA_PFI_df017	XGBoost	validate_parameters	TRUE
ESCA_PFI_df017	XGBoost	nrounds	500
ESCA_PFI_df017	RSF	ntree	1000
ESCA_PFI_df017	RSF	mtry	10
ESCA_PFI_df017	RSF	nodesize	15
ESCA_PFI_df017	MTLR	nintervals	default
ESCA_PFI_df017	MTLR	regularization	C1=10
ESCA_PFI_df017	MVL	weight_XGBoost	7.743751
ESCA_PFI_df017	MVL	weight_RSF	0.440306
ESCA_PFI_df017	MVL	weight_Boruta	-0.044521
ESCA_PFI_df017	MVL	weight_MTLR	0
GBM_DSS_df017	XGBoost	objective	survival:cox
GBM_DSS_df017	XGBoost	eval_metric	cox-nloglik
GBM_DSS_df017	XGBoost	eta	0.05
GBM_DSS_df017	XGBoost	max_depth	4
GBM_DSS_df017	XGBoost	min_child_weight	3
GBM_DSS_df017	XGBoost	subsample	0.8
GBM_DSS_df017	XGBoost	nthread	1
GBM_DSS_df017	XGBoost	validate_parameters	TRUE
GBM_DSS_df017	XGBoost	nrounds	500
GBM_DSS_df017	RSF	ntree	1000
GBM_DSS_df017	RSF	mtry	17
GBM_DSS_df017	RSF	nodesize	15
GBM_DSS_df017	MTLR	nintervals	default
GBM_DSS_df017	MTLR	regularization	C1=0.1
GBM_DSS_df017	MVL	weight_XGBoost	5.536086
GBM_DSS_df017	MVL	weight_Boruta	0.338614
GBM_DSS_df017	MVL	weight_MTLR	0.229218
GBM_DSS_df017	MVL	weight_RSF	-0.126462
GBM_OS_df017	XGBoost	objective	survival:cox
GBM_OS_df017	XGBoost	eval_metric	cox-nloglik
GBM_OS_df017	XGBoost	eta	0.05
GBM_OS_df017	XGBoost	max_depth	4
GBM_OS_df017	XGBoost	min_child_weight	3
GBM_OS_df017	XGBoost	subsample	0.8
GBM_OS_df017	XGBoost	nthread	1
GBM_OS_df017	XGBoost	validate_parameters	TRUE
GBM_OS_df017	XGBoost	nrounds	500
GBM_OS_df017	RSF	ntree	1000
GBM_OS_df017	RSF	mtry	17
GBM_OS_df017	RSF	nodesize	15
GBM_OS_df017	MTLR	nintervals	default
GBM_OS_df017	MTLR	regularization	C1=0.1
GBM_OS_df017	MVL	weight_XGBoost	11.885467
GBM_OS_df017	MVL	weight_Boruta	0.372523
GBM_OS_df017	MVL	weight_MTLR	0.238489
GBM_OS_df017	MVL	weight_RSF	-0.18407
GBM_PFI_df017	XGBoost	objective	survival:cox
GBM_PFI_df017	XGBoost	eval_metric	cox-nloglik
GBM_PFI_df017	XGBoost	eta	0.05
GBM_PFI_df017	XGBoost	max_depth	4
GBM_PFI_df017	XGBoost	min_child_weight	3
GBM_PFI_df017	XGBoost	subsample	0.8
GBM_PFI_df017	XGBoost	nthread	1
GBM_PFI_df017	XGBoost	validate_parameters	TRUE
GBM_PFI_df017	XGBoost	nrounds	500
GBM_PFI_df017	RSF	ntree	1000
GBM_PFI_df017	RSF	mtry	17
GBM_PFI_df017	RSF	nodesize	15
GBM_PFI_df017	MTLR	nintervals	default
GBM_PFI_df017	MTLR	regularization	C1=1
GBM_PFI_df017	MVL	weight_XGBoost	0.360432
GBM_PFI_df017	MVL	weight_Boruta	0.215124
GBM_PFI_df017	MVL	weight_MTLR	0.205637
GBM_PFI_df017	MVL	weight_RSF	0
HNSC_DFI_df017	XGBoost	objective	survival:cox
HNSC_DFI_df017	XGBoost	eval_metric	cox-nloglik
HNSC_DFI_df017	XGBoost	eta	0.05
HNSC_DFI_df017	XGBoost	max_depth	4
HNSC_DFI_df017	XGBoost	min_child_weight	3
HNSC_DFI_df017	XGBoost	subsample	0.8
HNSC_DFI_df017	XGBoost	nthread	1
HNSC_DFI_df017	XGBoost	validate_parameters	TRUE
HNSC_DFI_df017	XGBoost	nrounds	500
HNSC_DFI_df017	RSF	ntree	1000
HNSC_DFI_df017	RSF	mtry	24
HNSC_DFI_df017	RSF	nodesize	15
HNSC_DFI_df017	MTLR	nintervals	default
HNSC_DFI_df017	MTLR	regularization	C1=1
HNSC_DFI_df017	MVL	weight_XGBoost	16.950644
HNSC_DFI_df017	MVL	weight_Boruta	0.755756
HNSC_DFI_df017	MVL	weight_RSF	-0.576533
HNSC_DFI_df017	MVL	weight_MTLR	0.302473
HNSC_DSS_df017	XGBoost	objective	survival:cox
HNSC_DSS_df017	XGBoost	eval_metric	cox-nloglik
HNSC_DSS_df017	XGBoost	eta	0.05
HNSC_DSS_df017	XGBoost	max_depth	4
HNSC_DSS_df017	XGBoost	min_child_weight	3
HNSC_DSS_df017	XGBoost	subsample	0.8
HNSC_DSS_df017	XGBoost	nthread	1
HNSC_DSS_df017	XGBoost	validate_parameters	TRUE
HNSC_DSS_df017	XGBoost	nrounds	500
HNSC_DSS_df017	RSF	ntree	1000
HNSC_DSS_df017	RSF	mtry	24
HNSC_DSS_df017	RSF	nodesize	15
HNSC_DSS_df017	MTLR	nintervals	default
HNSC_DSS_df017	MTLR	regularization	C1=0.1
HNSC_DSS_df017	MVL	weight_XGBoost	4.798439
HNSC_DSS_df017	MVL	weight_RSF	0.277559
HNSC_DSS_df017	MVL	weight_MTLR	0.221547
HNSC_DSS_df017	MVL	weight_Boruta	0.112477
HNSC_OS_df017	XGBoost	objective	survival:cox
HNSC_OS_df017	XGBoost	eval_metric	cox-nloglik
HNSC_OS_df017	XGBoost	eta	0.05
HNSC_OS_df017	XGBoost	max_depth	4
HNSC_OS_df017	XGBoost	min_child_weight	3
HNSC_OS_df017	XGBoost	subsample	0.8
HNSC_OS_df017	XGBoost	nthread	1
HNSC_OS_df017	XGBoost	validate_parameters	TRUE
HNSC_OS_df017	XGBoost	nrounds	500
HNSC_OS_df017	RSF	ntree	1000
HNSC_OS_df017	RSF	mtry	24
HNSC_OS_df017	RSF	nodesize	15
HNSC_OS_df017	MTLR	nintervals	default
HNSC_OS_df017	MTLR	regularization	C1=1
HNSC_OS_df017	MVL	weight_XGBoost	8.952829
HNSC_OS_df017	MVL	weight_RSF	0.387485
HNSC_OS_df017	MVL	weight_MTLR	0.140845
HNSC_OS_df017	MVL	weight_Boruta	0.029647
HNSC_PFI_df017	XGBoost	objective	survival:cox
HNSC_PFI_df017	XGBoost	eval_metric	cox-nloglik
HNSC_PFI_df017	XGBoost	eta	0.05
HNSC_PFI_df017	XGBoost	max_depth	4
HNSC_PFI_df017	XGBoost	min_child_weight	3
HNSC_PFI_df017	XGBoost	subsample	0.8
HNSC_PFI_df017	XGBoost	nthread	1
HNSC_PFI_df017	XGBoost	validate_parameters	TRUE
HNSC_PFI_df017	XGBoost	nrounds	500
HNSC_PFI_df017	RSF	ntree	1000
HNSC_PFI_df017	RSF	mtry	24
HNSC_PFI_df017	RSF	nodesize	15
HNSC_PFI_df017	MTLR	nintervals	default
HNSC_PFI_df017	MTLR	regularization	C1=10
HNSC_PFI_df017	MVL	weight_XGBoost	2.570056
HNSC_PFI_df017	MVL	weight_RSF	0.326054
HNSC_PFI_df017	MVL	weight_Boruta	0.06156
HNSC_PFI_df017	MVL	weight_MTLR	0.021582
KIRC_DFI_df161	XGBoost	objective	survival:cox
KIRC_DFI_df161	XGBoost	eval_metric	cox-nloglik
KIRC_DFI_df161	XGBoost	eta	0.05
KIRC_DFI_df161	XGBoost	max_depth	4
KIRC_DFI_df161	XGBoost	min_child_weight	3
KIRC_DFI_df161	XGBoost	subsample	0.8
KIRC_DFI_df161	XGBoost	nthread	1
KIRC_DFI_df161	XGBoost	validate_parameters	TRUE
KIRC_DFI_df161	XGBoost	nrounds	500
KIRC_DFI_df161	RSF	ntree	1000
KIRC_DFI_df161	RSF	mtry	35
KIRC_DFI_df161	RSF	nodesize	15
KIRC_DFI_df161	MTLR	nintervals	default
KIRC_DFI_df161	MTLR	regularization	C1=0.1
KIRC_DFI_df161	MVL	weight_RSF	0.25
KIRC_DFI_df161	MVL	weight_XGBoost	0.25
KIRC_DFI_df161	MVL	weight_MTLR	0.25
KIRC_DFI_df161	MVL	weight_Boruta	0.25
KIRC_DSS_df161	XGBoost	objective	survival:cox
KIRC_DSS_df161	XGBoost	eval_metric	cox-nloglik
KIRC_DSS_df161	XGBoost	eta	0.05
KIRC_DSS_df161	XGBoost	max_depth	4
KIRC_DSS_df161	XGBoost	min_child_weight	3
KIRC_DSS_df161	XGBoost	subsample	0.8
KIRC_DSS_df161	XGBoost	nthread	1
KIRC_DSS_df161	XGBoost	validate_parameters	TRUE
KIRC_DSS_df161	XGBoost	nrounds	500
KIRC_DSS_df161	RSF	ntree	1000
KIRC_DSS_df161	RSF	mtry	35
KIRC_DSS_df161	RSF	nodesize	15
KIRC_DSS_df161	MTLR	nintervals	default
KIRC_DSS_df161	MTLR	regularization	C1=1
KIRC_DSS_df161	MVL	weight_RSF	0.25
KIRC_DSS_df161	MVL	weight_XGBoost	0.25
KIRC_DSS_df161	MVL	weight_MTLR	0.25
KIRC_DSS_df161	MVL	weight_Boruta	0.25
KIRC_OS_df161	XGBoost	objective	survival:cox
KIRC_OS_df161	XGBoost	eval_metric	cox-nloglik
KIRC_OS_df161	XGBoost	eta	0.05
KIRC_OS_df161	XGBoost	max_depth	4
KIRC_OS_df161	XGBoost	min_child_weight	3
KIRC_OS_df161	XGBoost	subsample	0.8
KIRC_OS_df161	XGBoost	nthread	1
KIRC_OS_df161	XGBoost	validate_parameters	TRUE
KIRC_OS_df161	XGBoost	nrounds	500
KIRC_OS_df161	RSF	ntree	1000
KIRC_OS_df161	RSF	mtry	35
KIRC_OS_df161	RSF	nodesize	15
KIRC_OS_df161	MTLR	nintervals	default
KIRC_OS_df161	MTLR	regularization	C1=1
KIRC_OS_df161	MVL	weight_RSF	0.25
KIRC_OS_df161	MVL	weight_XGBoost	0.25
KIRC_OS_df161	MVL	weight_MTLR	0.25
KIRC_OS_df161	MVL	weight_Boruta	0.25
KIRC_PFI_df161	XGBoost	objective	survival:cox
KIRC_PFI_df161	XGBoost	eval_metric	cox-nloglik
KIRC_PFI_df161	XGBoost	eta	0.05
KIRC_PFI_df161	XGBoost	max_depth	4
KIRC_PFI_df161	XGBoost	min_child_weight	3
KIRC_PFI_df161	XGBoost	subsample	0.8
KIRC_PFI_df161	XGBoost	nthread	1
KIRC_PFI_df161	XGBoost	validate_parameters	TRUE
KIRC_PFI_df161	XGBoost	nrounds	500
KIRC_PFI_df161	RSF	ntree	1000
KIRC_PFI_df161	RSF	mtry	35
KIRC_PFI_df161	RSF	nodesize	15
KIRC_PFI_df161	MTLR	nintervals	default
KIRC_PFI_df161	MTLR	regularization	C1=1
KIRC_PFI_df161	MVL	weight_RSF	0.25
KIRC_PFI_df161	MVL	weight_XGBoost	0.25
KIRC_PFI_df161	MVL	weight_MTLR	0.25
KIRC_PFI_df161	MVL	weight_Boruta	0.25
KIRP_DFI_df377	XGBoost	objective	survival:cox
KIRP_DFI_df377	XGBoost	eval_metric	cox-nloglik
KIRP_DFI_df377	XGBoost	eta	0.05
KIRP_DFI_df377	XGBoost	max_depth	4
KIRP_DFI_df377	XGBoost	min_child_weight	3
KIRP_DFI_df377	XGBoost	subsample	0.8
KIRP_DFI_df377	XGBoost	nthread	1
KIRP_DFI_df377	XGBoost	validate_parameters	TRUE
KIRP_DFI_df377	XGBoost	nrounds	500
KIRP_DFI_df377	RSF	ntree	1000
KIRP_DFI_df377	RSF	mtry	27
KIRP_DFI_df377	RSF	nodesize	15
KIRP_DFI_df377	MTLR	nintervals	default
KIRP_DFI_df377	MTLR	regularization	C1=1
KIRP_DFI_df377	MVL	weight_RSF	0.25
KIRP_DFI_df377	MVL	weight_XGBoost	0.25
KIRP_DFI_df377	MVL	weight_MTLR	0.25
KIRP_DFI_df377	MVL	weight_Boruta	0.25
KIRP_DSS_df377	XGBoost	objective	survival:cox
KIRP_DSS_df377	XGBoost	eval_metric	cox-nloglik
KIRP_DSS_df377	XGBoost	eta	0.05
KIRP_DSS_df377	XGBoost	max_depth	4
KIRP_DSS_df377	XGBoost	min_child_weight	3
KIRP_DSS_df377	XGBoost	subsample	0.8
KIRP_DSS_df377	XGBoost	nthread	1
KIRP_DSS_df377	XGBoost	validate_parameters	TRUE
KIRP_DSS_df377	XGBoost	nrounds	500
KIRP_DSS_df377	RSF	ntree	1000
KIRP_DSS_df377	RSF	mtry	27
KIRP_DSS_df377	RSF	nodesize	15
KIRP_DSS_df377	MTLR	nintervals	default
KIRP_DSS_df377	MTLR	regularization	C1=1
KIRP_DSS_df377	MVL	weight_RSF	0.25
KIRP_DSS_df377	MVL	weight_XGBoost	0.25
KIRP_DSS_df377	MVL	weight_MTLR	0.25
KIRP_DSS_df377	MVL	weight_Boruta	0.25
KIRP_OS_df377	XGBoost	objective	survival:cox
KIRP_OS_df377	XGBoost	eval_metric	cox-nloglik
KIRP_OS_df377	XGBoost	eta	0.05
KIRP_OS_df377	XGBoost	max_depth	4
KIRP_OS_df377	XGBoost	min_child_weight	3
KIRP_OS_df377	XGBoost	subsample	0.8
KIRP_OS_df377	XGBoost	nthread	1
KIRP_OS_df377	XGBoost	validate_parameters	TRUE
KIRP_OS_df377	XGBoost	nrounds	500
KIRP_OS_df377	RSF	ntree	1000
KIRP_OS_df377	RSF	mtry	27
KIRP_OS_df377	RSF	nodesize	15
KIRP_OS_df377	MTLR	nintervals	default
KIRP_OS_df377	MTLR	regularization	C1=1
KIRP_OS_df377	MVL	weight_RSF	0.25
KIRP_OS_df377	MVL	weight_XGBoost	0.25
KIRP_OS_df377	MVL	weight_MTLR	0.25
KIRP_OS_df377	MVL	weight_Boruta	0.25
KIRP_PFI_df377	XGBoost	objective	survival:cox
KIRP_PFI_df377	XGBoost	eval_metric	cox-nloglik
KIRP_PFI_df377	XGBoost	eta	0.05
KIRP_PFI_df377	XGBoost	max_depth	4
KIRP_PFI_df377	XGBoost	min_child_weight	3
KIRP_PFI_df377	XGBoost	subsample	0.8
KIRP_PFI_df377	XGBoost	nthread	1
KIRP_PFI_df377	XGBoost	validate_parameters	TRUE
KIRP_PFI_df377	XGBoost	nrounds	500
KIRP_PFI_df377	RSF	ntree	1000
KIRP_PFI_df377	RSF	mtry	27
KIRP_PFI_df377	RSF	nodesize	15
KIRP_PFI_df377	MTLR	nintervals	default
KIRP_PFI_df377	MTLR	regularization	C1=1
KIRP_PFI_df377	MVL	weight_RSF	0.25
KIRP_PFI_df377	MVL	weight_XGBoost	0.25
KIRP_PFI_df377	MVL	weight_MTLR	0.25
KIRP_PFI_df377	MVL	weight_Boruta	0.25
LAML_OS_df377	XGBoost	objective	survival:cox
LAML_OS_df377	XGBoost	eval_metric	cox-nloglik
LAML_OS_df377	XGBoost	eta	0.05
LAML_OS_df377	XGBoost	max_depth	4
LAML_OS_df377	XGBoost	min_child_weight	3
LAML_OS_df377	XGBoost	subsample	0.8
LAML_OS_df377	XGBoost	nthread	1
LAML_OS_df377	XGBoost	validate_parameters	TRUE
LAML_OS_df377	XGBoost	nrounds	500
LAML_OS_df377	RSF	ntree	1000
LAML_OS_df377	RSF	mtry	8
LAML_OS_df377	RSF	nodesize	15
LAML_OS_df377	MTLR	nintervals	default
LAML_OS_df377	MTLR	regularization	C1=1
LAML_OS_df377	MVL	weight_RSF	0.25
LAML_OS_df377	MVL	weight_XGBoost	0.25
LAML_OS_df377	MVL	weight_MTLR	0.25
LAML_OS_df377	MVL	weight_Boruta	0.25
LGG_DFI_df374	XGBoost	objective	survival:cox
LGG_DFI_df374	XGBoost	eval_metric	cox-nloglik
LGG_DFI_df374	XGBoost	eta	0.05
LGG_DFI_df374	XGBoost	max_depth	4
LGG_DFI_df374	XGBoost	min_child_weight	3
LGG_DFI_df374	XGBoost	subsample	0.8
LGG_DFI_df374	XGBoost	nthread	1
LGG_DFI_df374	XGBoost	validate_parameters	TRUE
LGG_DFI_df374	XGBoost	nrounds	500
LGG_DFI_df374	RSF	ntree	1000
LGG_DFI_df374	RSF	mtry	42
LGG_DFI_df374	RSF	nodesize	15
LGG_DFI_df374	MTLR	nintervals	default
LGG_DFI_df374	MTLR	regularization	C1=0.1
LGG_DFI_df374	MVL	weight_RSF	0.25
LGG_DFI_df374	MVL	weight_XGBoost	0.25
LGG_DFI_df374	MVL	weight_MTLR	0.25
LGG_DFI_df374	MVL	weight_Boruta	0.25
LGG_DSS_df374	XGBoost	objective	survival:cox
LGG_DSS_df374	XGBoost	eval_metric	cox-nloglik
LGG_DSS_df374	XGBoost	eta	0.05
LGG_DSS_df374	XGBoost	max_depth	4
LGG_DSS_df374	XGBoost	min_child_weight	3
LGG_DSS_df374	XGBoost	subsample	0.8
LGG_DSS_df374	XGBoost	nthread	1
LGG_DSS_df374	XGBoost	validate_parameters	TRUE
LGG_DSS_df374	XGBoost	nrounds	500
LGG_DSS_df374	RSF	ntree	1000
LGG_DSS_df374	RSF	mtry	42
LGG_DSS_df374	RSF	nodesize	15
LGG_DSS_df374	MTLR	nintervals	default
LGG_DSS_df374	MTLR	regularization	C1=0.1
LGG_DSS_df374	MVL	weight_RSF	0.25
LGG_DSS_df374	MVL	weight_XGBoost	0.25
LGG_DSS_df374	MVL	weight_MTLR	0.25
LGG_DSS_df374	MVL	weight_Boruta	0.25
LGG_OS_df374	XGBoost	objective	survival:cox
LGG_OS_df374	XGBoost	eval_metric	cox-nloglik
LGG_OS_df374	XGBoost	eta	0.05
LGG_OS_df374	XGBoost	max_depth	4
LGG_OS_df374	XGBoost	min_child_weight	3
LGG_OS_df374	XGBoost	subsample	0.8
LGG_OS_df374	XGBoost	nthread	1
LGG_OS_df374	XGBoost	validate_parameters	TRUE
LGG_OS_df374	XGBoost	nrounds	500
LGG_OS_df374	RSF	ntree	1000
LGG_OS_df374	RSF	mtry	42
LGG_OS_df374	RSF	nodesize	15
LGG_OS_df374	MTLR	nintervals	default
LGG_OS_df374	MTLR	regularization	C1=0.1
LGG_OS_df374	MVL	weight_RSF	0.25
LGG_OS_df374	MVL	weight_XGBoost	0.25
LGG_OS_df374	MVL	weight_MTLR	0.25
LGG_OS_df374	MVL	weight_Boruta	0.25
LGG_PFI_df374	XGBoost	objective	survival:cox
LGG_PFI_df374	XGBoost	eval_metric	cox-nloglik
LGG_PFI_df374	XGBoost	eta	0.05
LGG_PFI_df374	XGBoost	max_depth	4
LGG_PFI_df374	XGBoost	min_child_weight	3
LGG_PFI_df374	XGBoost	subsample	0.8
LGG_PFI_df374	XGBoost	nthread	1
LGG_PFI_df374	XGBoost	validate_parameters	TRUE
LGG_PFI_df374	XGBoost	nrounds	500
LGG_PFI_df374	RSF	ntree	1000
LGG_PFI_df374	RSF	mtry	42
LGG_PFI_df374	RSF	nodesize	15
LGG_PFI_df374	MTLR	nintervals	default
LGG_PFI_df374	MTLR	regularization	C1=1
LGG_PFI_df374	MVL	weight_RSF	0.25
LGG_PFI_df374	MVL	weight_XGBoost	0.25
LGG_PFI_df374	MVL	weight_MTLR	0.25
LGG_PFI_df374	MVL	weight_Boruta	0.25
LIHC_DFI_df160	XGBoost	objective	survival:cox
LIHC_DFI_df160	XGBoost	eval_metric	cox-nloglik
LIHC_DFI_df160	XGBoost	eta	0.05
LIHC_DFI_df160	XGBoost	max_depth	4
LIHC_DFI_df160	XGBoost	min_child_weight	3
LIHC_DFI_df160	XGBoost	subsample	0.8
LIHC_DFI_df160	XGBoost	nthread	1
LIHC_DFI_df160	XGBoost	validate_parameters	TRUE
LIHC_DFI_df160	XGBoost	nrounds	500
LIHC_DFI_df160	RSF	ntree	1000
LIHC_DFI_df160	RSF	mtry	29
LIHC_DFI_df160	RSF	nodesize	15
LIHC_DFI_df160	MTLR	nintervals	default
LIHC_DFI_df160	MTLR	regularization	C1=1
LIHC_DFI_df160	MVL	weight_RSF	0.25
LIHC_DFI_df160	MVL	weight_XGBoost	0.25
LIHC_DFI_df160	MVL	weight_MTLR	0.25
LIHC_DFI_df160	MVL	weight_Boruta	0.25
LIHC_DSS_df160	XGBoost	objective	survival:cox
LIHC_DSS_df160	XGBoost	eval_metric	cox-nloglik
LIHC_DSS_df160	XGBoost	eta	0.05
LIHC_DSS_df160	XGBoost	max_depth	4
LIHC_DSS_df160	XGBoost	min_child_weight	3
LIHC_DSS_df160	XGBoost	subsample	0.8
LIHC_DSS_df160	XGBoost	nthread	1
LIHC_DSS_df160	XGBoost	validate_parameters	TRUE
LIHC_DSS_df160	XGBoost	nrounds	500
LIHC_DSS_df160	RSF	ntree	1000
LIHC_DSS_df160	RSF	mtry	29
LIHC_DSS_df160	RSF	nodesize	15
LIHC_DSS_df160	MTLR	nintervals	default
LIHC_DSS_df160	MTLR	regularization	C1=0.1
LIHC_DSS_df160	MVL	weight_RSF	0.25
LIHC_DSS_df160	MVL	weight_XGBoost	0.25
LIHC_DSS_df160	MVL	weight_MTLR	0.25
LIHC_DSS_df160	MVL	weight_Boruta	0.25
LIHC_OS_df160	XGBoost	objective	survival:cox
LIHC_OS_df160	XGBoost	eval_metric	cox-nloglik
LIHC_OS_df160	XGBoost	eta	0.05
LIHC_OS_df160	XGBoost	max_depth	4
LIHC_OS_df160	XGBoost	min_child_weight	3
LIHC_OS_df160	XGBoost	subsample	0.8
LIHC_OS_df160	XGBoost	nthread	1
LIHC_OS_df160	XGBoost	validate_parameters	TRUE
LIHC_OS_df160	XGBoost	nrounds	500
LIHC_OS_df160	RSF	ntree	1000
LIHC_OS_df160	RSF	mtry	29
LIHC_OS_df160	RSF	nodesize	15
LIHC_OS_df160	MTLR	nintervals	default
LIHC_OS_df160	MTLR	regularization	C1=0.1
LIHC_OS_df160	MVL	weight_RSF	0.25
LIHC_OS_df160	MVL	weight_XGBoost	0.25
LIHC_OS_df160	MVL	weight_MTLR	0.25
LIHC_OS_df160	MVL	weight_Boruta	0.25
LIHC_PFI_df160	XGBoost	objective	survival:cox
LIHC_PFI_df160	XGBoost	eval_metric	cox-nloglik
LIHC_PFI_df160	XGBoost	eta	0.05
LIHC_PFI_df160	XGBoost	max_depth	4
LIHC_PFI_df160	XGBoost	min_child_weight	3
LIHC_PFI_df160	XGBoost	subsample	0.8
LIHC_PFI_df160	XGBoost	nthread	1
LIHC_PFI_df160	XGBoost	validate_parameters	TRUE
LIHC_PFI_df160	XGBoost	nrounds	500
LIHC_PFI_df160	RSF	ntree	1000
LIHC_PFI_df160	RSF	mtry	29
LIHC_PFI_df160	RSF	nodesize	15
LIHC_PFI_df160	MTLR	nintervals	default
LIHC_PFI_df160	MTLR	regularization	C1=0.1
LIHC_PFI_df160	MVL	weight_RSF	0.25
LIHC_PFI_df160	MVL	weight_XGBoost	0.25
LIHC_PFI_df160	MVL	weight_MTLR	0.25
LIHC_PFI_df160	MVL	weight_Boruta	0.25
LUAD_DFI_df017	XGBoost	objective	survival:cox
LUAD_DFI_df017	XGBoost	eval_metric	cox-nloglik
LUAD_DFI_df017	XGBoost	eta	0.05
LUAD_DFI_df017	XGBoost	max_depth	4
LUAD_DFI_df017	XGBoost	min_child_weight	3
LUAD_DFI_df017	XGBoost	subsample	0.8
LUAD_DFI_df017	XGBoost	nthread	1
LUAD_DFI_df017	XGBoost	validate_parameters	TRUE
LUAD_DFI_df017	XGBoost	nrounds	500
LUAD_DFI_df017	RSF	ntree	1000
LUAD_DFI_df017	RSF	mtry	34
LUAD_DFI_df017	RSF	nodesize	15
LUAD_DFI_df017	MTLR	nintervals	default
LUAD_DFI_df017	MTLR	regularization	C1=1
LUAD_DFI_df017	MVL	weight_RSF	0.25
LUAD_DFI_df017	MVL	weight_XGBoost	0.25
LUAD_DFI_df017	MVL	weight_MTLR	0.25
LUAD_DFI_df017	MVL	weight_Boruta	0.25
LUAD_DSS_df017	XGBoost	objective	survival:cox
LUAD_DSS_df017	XGBoost	eval_metric	cox-nloglik
LUAD_DSS_df017	XGBoost	eta	0.05
LUAD_DSS_df017	XGBoost	max_depth	4
LUAD_DSS_df017	XGBoost	min_child_weight	3
LUAD_DSS_df017	XGBoost	subsample	0.8
LUAD_DSS_df017	XGBoost	nthread	1
LUAD_DSS_df017	XGBoost	validate_parameters	TRUE
LUAD_DSS_df017	XGBoost	nrounds	500
LUAD_DSS_df017	RSF	ntree	1000
LUAD_DSS_df017	RSF	mtry	34
LUAD_DSS_df017	RSF	nodesize	15
LUAD_DSS_df017	MTLR	nintervals	default
LUAD_DSS_df017	MTLR	regularization	C1=0.1
LUAD_DSS_df017	MVL	weight_RSF	0.25
LUAD_DSS_df017	MVL	weight_XGBoost	0.25
LUAD_DSS_df017	MVL	weight_MTLR	0.25
LUAD_DSS_df017	MVL	weight_Boruta	0.25
LUAD_OS_df017	XGBoost	objective	survival:cox
LUAD_OS_df017	XGBoost	eval_metric	cox-nloglik
LUAD_OS_df017	XGBoost	eta	0.05
LUAD_OS_df017	XGBoost	max_depth	4
LUAD_OS_df017	XGBoost	min_child_weight	3
LUAD_OS_df017	XGBoost	subsample	0.8
LUAD_OS_df017	XGBoost	nthread	1
LUAD_OS_df017	XGBoost	validate_parameters	TRUE
LUAD_OS_df017	XGBoost	nrounds	500
LUAD_OS_df017	RSF	ntree	1000
LUAD_OS_df017	RSF	mtry	34
LUAD_OS_df017	RSF	nodesize	15
LUAD_OS_df017	MTLR	nintervals	default
LUAD_OS_df017	MTLR	regularization	C1=1
LUAD_OS_df017	MVL	weight_RSF	0.25
LUAD_OS_df017	MVL	weight_XGBoost	0.25
LUAD_OS_df017	MVL	weight_MTLR	0.25
LUAD_OS_df017	MVL	weight_Boruta	0.25
LUAD_PFI_df017	XGBoost	objective	survival:cox
LUAD_PFI_df017	XGBoost	eval_metric	cox-nloglik
LUAD_PFI_df017	XGBoost	eta	0.05
LUAD_PFI_df017	XGBoost	max_depth	4
LUAD_PFI_df017	XGBoost	min_child_weight	3
LUAD_PFI_df017	XGBoost	subsample	0.8
LUAD_PFI_df017	XGBoost	nthread	1
LUAD_PFI_df017	XGBoost	validate_parameters	TRUE
LUAD_PFI_df017	XGBoost	nrounds	500
LUAD_PFI_df017	RSF	ntree	1000
LUAD_PFI_df017	RSF	mtry	34
LUAD_PFI_df017	RSF	nodesize	15
LUAD_PFI_df017	MTLR	nintervals	default
LUAD_PFI_df017	MTLR	regularization	C1=1
LUAD_PFI_df017	MVL	weight_RSF	0.25
LUAD_PFI_df017	MVL	weight_XGBoost	0.25
LUAD_PFI_df017	MVL	weight_MTLR	0.25
LUAD_PFI_df017	MVL	weight_Boruta	0.25
LUSC_DFI_df147	XGBoost	objective	survival:cox
LUSC_DFI_df147	XGBoost	eval_metric	cox-nloglik
LUSC_DFI_df147	XGBoost	eta	0.05
LUSC_DFI_df147	XGBoost	max_depth	4
LUSC_DFI_df147	XGBoost	min_child_weight	3
LUSC_DFI_df147	XGBoost	subsample	0.8
LUSC_DFI_df147	XGBoost	nthread	1
LUSC_DFI_df147	XGBoost	validate_parameters	TRUE
LUSC_DFI_df147	XGBoost	nrounds	500
LUSC_DFI_df147	RSF	ntree	1000
LUSC_DFI_df147	RSF	mtry	28
LUSC_DFI_df147	RSF	nodesize	15
LUSC_DFI_df147	MTLR	nintervals	default
LUSC_DFI_df147	MTLR	regularization	C1=1
LUSC_DFI_df147	MVL	weight_XGBoost	12.920188
LUSC_DFI_df147	MVL	weight_MTLR	0.48131
LUSC_DFI_df147	MVL	weight_Boruta	0.193455
LUSC_DFI_df147	MVL	weight_RSF	0.147844
LUSC_DSS_df147	XGBoost	objective	survival:cox
LUSC_DSS_df147	XGBoost	eval_metric	cox-nloglik
LUSC_DSS_df147	XGBoost	eta	0.05
LUSC_DSS_df147	XGBoost	max_depth	4
LUSC_DSS_df147	XGBoost	min_child_weight	3
LUSC_DSS_df147	XGBoost	subsample	0.8
LUSC_DSS_df147	XGBoost	nthread	1
LUSC_DSS_df147	XGBoost	validate_parameters	TRUE
LUSC_DSS_df147	XGBoost	nrounds	500
LUSC_DSS_df147	RSF	ntree	1000
LUSC_DSS_df147	RSF	mtry	28
LUSC_DSS_df147	RSF	nodesize	15
LUSC_DSS_df147	MTLR	nintervals	default
LUSC_DSS_df147	MTLR	regularization	C1=1
LUSC_DSS_df147	MVL	weight_RSF	0.25
LUSC_DSS_df147	MVL	weight_XGBoost	0.25
LUSC_DSS_df147	MVL	weight_MTLR	0.25
LUSC_DSS_df147	MVL	weight_Boruta	0.25
LUSC_OS_df147	XGBoost	objective	survival:cox
LUSC_OS_df147	XGBoost	eval_metric	cox-nloglik
LUSC_OS_df147	XGBoost	eta	0.05
LUSC_OS_df147	XGBoost	max_depth	4
LUSC_OS_df147	XGBoost	min_child_weight	3
LUSC_OS_df147	XGBoost	subsample	0.8
LUSC_OS_df147	XGBoost	nthread	1
LUSC_OS_df147	XGBoost	validate_parameters	TRUE
LUSC_OS_df147	XGBoost	nrounds	500
LUSC_OS_df147	RSF	ntree	1000
LUSC_OS_df147	RSF	mtry	28
LUSC_OS_df147	RSF	nodesize	15
LUSC_OS_df147	MTLR	nintervals	default
LUSC_OS_df147	MTLR	regularization	C1=1
LUSC_OS_df147	MVL	weight_RSF	0.25
LUSC_OS_df147	MVL	weight_XGBoost	0.25
LUSC_OS_df147	MVL	weight_MTLR	0.25
LUSC_OS_df147	MVL	weight_Boruta	0.25
LUSC_PFI_df147	XGBoost	objective	survival:cox
LUSC_PFI_df147	XGBoost	eval_metric	cox-nloglik
LUSC_PFI_df147	XGBoost	eta	0.05
LUSC_PFI_df147	XGBoost	max_depth	4
LUSC_PFI_df147	XGBoost	min_child_weight	3
LUSC_PFI_df147	XGBoost	subsample	0.8
LUSC_PFI_df147	XGBoost	nthread	1
LUSC_PFI_df147	XGBoost	validate_parameters	TRUE
LUSC_PFI_df147	XGBoost	nrounds	500
LUSC_PFI_df147	RSF	ntree	1000
LUSC_PFI_df147	RSF	mtry	28
LUSC_PFI_df147	RSF	nodesize	15
LUSC_PFI_df147	MTLR	nintervals	default
LUSC_PFI_df147	MTLR	regularization	C1=10
LUSC_PFI_df147	MVL	weight_RSF	0.25
LUSC_PFI_df147	MVL	weight_XGBoost	0.25
LUSC_PFI_df147	MVL	weight_MTLR	0.25
LUSC_PFI_df147	MVL	weight_Boruta	0.25
MESO_DSS_df017	XGBoost	objective	survival:cox
MESO_DSS_df017	XGBoost	eval_metric	cox-nloglik
MESO_DSS_df017	XGBoost	eta	0.05
MESO_DSS_df017	XGBoost	max_depth	4
MESO_DSS_df017	XGBoost	min_child_weight	3
MESO_DSS_df017	XGBoost	subsample	0.8
MESO_DSS_df017	XGBoost	nthread	1
MESO_DSS_df017	XGBoost	validate_parameters	TRUE
MESO_DSS_df017	XGBoost	nrounds	500
MESO_DSS_df017	RSF	ntree	1000
MESO_DSS_df017	RSF	mtry	5
MESO_DSS_df017	RSF	nodesize	15
MESO_DSS_df017	MTLR	nintervals	default
MESO_DSS_df017	MTLR	regularization	C1=0.1
MESO_DSS_df017	MVL	weight_RSF	0.25
MESO_DSS_df017	MVL	weight_XGBoost	0.25
MESO_DSS_df017	MVL	weight_MTLR	0.25
MESO_DSS_df017	MVL	weight_Boruta	0.25
MESO_OS_df017	XGBoost	objective	survival:cox
MESO_OS_df017	XGBoost	eval_metric	cox-nloglik
MESO_OS_df017	XGBoost	eta	0.05
MESO_OS_df017	XGBoost	max_depth	4
MESO_OS_df017	XGBoost	min_child_weight	3
MESO_OS_df017	XGBoost	subsample	0.8
MESO_OS_df017	XGBoost	nthread	1
MESO_OS_df017	XGBoost	validate_parameters	TRUE
MESO_OS_df017	XGBoost	nrounds	500
MESO_OS_df017	RSF	ntree	1000
MESO_OS_df017	RSF	mtry	5
MESO_OS_df017	RSF	nodesize	15
MESO_OS_df017	MTLR	nintervals	default
MESO_OS_df017	MTLR	regularization	C1=0.1
MESO_OS_df017	MVL	weight_RSF	0.25
MESO_OS_df017	MVL	weight_XGBoost	0.25
MESO_OS_df017	MVL	weight_MTLR	0.25
MESO_OS_df017	MVL	weight_Boruta	0.25
MESO_PFI_df017	XGBoost	objective	survival:cox
MESO_PFI_df017	XGBoost	eval_metric	cox-nloglik
MESO_PFI_df017	XGBoost	eta	0.05
MESO_PFI_df017	XGBoost	max_depth	4
MESO_PFI_df017	XGBoost	min_child_weight	3
MESO_PFI_df017	XGBoost	subsample	0.8
MESO_PFI_df017	XGBoost	nthread	1
MESO_PFI_df017	XGBoost	validate_parameters	TRUE
MESO_PFI_df017	XGBoost	nrounds	500
MESO_PFI_df017	RSF	ntree	1000
MESO_PFI_df017	RSF	mtry	5
MESO_PFI_df017	RSF	nodesize	15
MESO_PFI_df017	MTLR	nintervals	default
MESO_PFI_df017	MTLR	regularization	C1=0.1
MESO_PFI_df017	MVL	weight_RSF	0.25
MESO_PFI_df017	MVL	weight_XGBoost	0.25
MESO_PFI_df017	MVL	weight_MTLR	0.25
MESO_PFI_df017	MVL	weight_Boruta	0.25
OV_DFI_df377	XGBoost	objective	survival:cox
OV_DFI_df377	XGBoost	eval_metric	cox-nloglik
OV_DFI_df377	XGBoost	eta	0.05
OV_DFI_df377	XGBoost	max_depth	4
OV_DFI_df377	XGBoost	min_child_weight	3
OV_DFI_df377	XGBoost	subsample	0.8
OV_DFI_df377	XGBoost	nthread	1
OV_DFI_df377	XGBoost	validate_parameters	TRUE
OV_DFI_df377	XGBoost	nrounds	500
OV_DFI_df377	RSF	ntree	1000
OV_DFI_df377	RSF	mtry	8
OV_DFI_df377	RSF	nodesize	15
OV_DFI_df377	MTLR	nintervals	default
OV_DFI_df377	MTLR	regularization	C1=10
OV_DFI_df377	MVL	weight_XGBoost	1.959966
OV_DFI_df377	MVL	weight_MTLR	0.98452
OV_DFI_df377	MVL	weight_RSF	-0.648442
OV_DFI_df377	MVL	weight_Boruta	0.019461
OV_DSS_df377	XGBoost	objective	survival:cox
OV_DSS_df377	XGBoost	eval_metric	cox-nloglik
OV_DSS_df377	XGBoost	eta	0.05
OV_DSS_df377	XGBoost	max_depth	4
OV_DSS_df377	XGBoost	min_child_weight	3
OV_DSS_df377	XGBoost	subsample	0.8
OV_DSS_df377	XGBoost	nthread	1
OV_DSS_df377	XGBoost	validate_parameters	TRUE
OV_DSS_df377	XGBoost	nrounds	500
OV_DSS_df377	RSF	ntree	1000
OV_DSS_df377	RSF	mtry	8
OV_DSS_df377	RSF	nodesize	15
OV_DSS_df377	MTLR	nintervals	default
OV_DSS_df377	MTLR	regularization	C1=1
OV_DSS_df377	MVL	weight_XGBoost	2.477112
OV_DSS_df377	MVL	weight_RSF	0.216841
OV_DSS_df377	MVL	weight_MTLR	0.128516
OV_DSS_df377	MVL	weight_Boruta	0
OV_OS_df377	XGBoost	objective	survival:cox
OV_OS_df377	XGBoost	eval_metric	cox-nloglik
OV_OS_df377	XGBoost	eta	0.05
OV_OS_df377	XGBoost	max_depth	4
OV_OS_df377	XGBoost	min_child_weight	3
OV_OS_df377	XGBoost	subsample	0.8
OV_OS_df377	XGBoost	nthread	1
OV_OS_df377	XGBoost	validate_parameters	TRUE
OV_OS_df377	XGBoost	nrounds	500
OV_OS_df377	RSF	ntree	1000
OV_OS_df377	RSF	mtry	8
OV_OS_df377	RSF	nodesize	15
OV_OS_df377	MTLR	nintervals	default
OV_OS_df377	MTLR	regularization	C1=1
OV_OS_df377	MVL	weight_XGBoost	1.858085
OV_OS_df377	MVL	weight_RSF	0.182943
OV_OS_df377	MVL	weight_MTLR	0.077037
OV_OS_df377	MVL	weight_Boruta	0.02028
OV_PFI_df377	XGBoost	objective	survival:cox
OV_PFI_df377	XGBoost	eval_metric	cox-nloglik
OV_PFI_df377	XGBoost	eta	0.05
OV_PFI_df377	XGBoost	max_depth	4
OV_PFI_df377	XGBoost	min_child_weight	3
OV_PFI_df377	XGBoost	subsample	0.8
OV_PFI_df377	XGBoost	nthread	1
OV_PFI_df377	XGBoost	validate_parameters	TRUE
OV_PFI_df377	XGBoost	nrounds	500
OV_PFI_df377	RSF	ntree	1000
OV_PFI_df377	RSF	mtry	8
OV_PFI_df377	RSF	nodesize	15
OV_PFI_df377	MTLR	nintervals	default
OV_PFI_df377	MTLR	regularization	C1=1
OV_PFI_df377	MVL	weight_XGBoost	0.47745
OV_PFI_df377	MVL	weight_RSF	0
OV_PFI_df377	MVL	weight_MTLR	0
OV_PFI_df377	MVL	weight_Boruta	0
PAAD_DFI_df377	XGBoost	objective	survival:cox
PAAD_DFI_df377	XGBoost	eval_metric	cox-nloglik
PAAD_DFI_df377	XGBoost	eta	0.05
PAAD_DFI_df377	XGBoost	max_depth	4
PAAD_DFI_df377	XGBoost	min_child_weight	3
PAAD_DFI_df377	XGBoost	subsample	0.8
PAAD_DFI_df377	XGBoost	nthread	1
PAAD_DFI_df377	XGBoost	validate_parameters	TRUE
PAAD_DFI_df377	XGBoost	nrounds	500
PAAD_DFI_df377	RSF	ntree	1000
PAAD_DFI_df377	RSF	mtry	22
PAAD_DFI_df377	RSF	nodesize	15
PAAD_DFI_df377	MTLR	nintervals	default
PAAD_DFI_df377	MTLR	regularization	C1=1
PAAD_DFI_df377	MVL	weight_XGBoost	4.708569
PAAD_DFI_df377	MVL	weight_MTLR	2.770159
PAAD_DFI_df377	MVL	weight_RSF	-1.788262
PAAD_DFI_df377	MVL	weight_Boruta	0.200183
PAAD_DSS_df377	XGBoost	objective	survival:cox
PAAD_DSS_df377	XGBoost	eval_metric	cox-nloglik
PAAD_DSS_df377	XGBoost	eta	0.05
PAAD_DSS_df377	XGBoost	max_depth	4
PAAD_DSS_df377	XGBoost	min_child_weight	3
PAAD_DSS_df377	XGBoost	subsample	0.8
PAAD_DSS_df377	XGBoost	nthread	1
PAAD_DSS_df377	XGBoost	validate_parameters	TRUE
PAAD_DSS_df377	XGBoost	nrounds	500
PAAD_DSS_df377	RSF	ntree	1000
PAAD_DSS_df377	RSF	mtry	22
PAAD_DSS_df377	RSF	nodesize	15
PAAD_DSS_df377	MTLR	nintervals	default
PAAD_DSS_df377	MTLR	regularization	C1=0.1
PAAD_DSS_df377	MVL	weight_RSF	0.25
PAAD_DSS_df377	MVL	weight_XGBoost	0.25
PAAD_DSS_df377	MVL	weight_MTLR	0.25
PAAD_DSS_df377	MVL	weight_Boruta	0.25
PAAD_OS_df377	XGBoost	objective	survival:cox
PAAD_OS_df377	XGBoost	eval_metric	cox-nloglik
PAAD_OS_df377	XGBoost	eta	0.05
PAAD_OS_df377	XGBoost	max_depth	4
PAAD_OS_df377	XGBoost	min_child_weight	3
PAAD_OS_df377	XGBoost	subsample	0.8
PAAD_OS_df377	XGBoost	nthread	1
PAAD_OS_df377	XGBoost	validate_parameters	TRUE
PAAD_OS_df377	XGBoost	nrounds	500
PAAD_OS_df377	RSF	ntree	1000
PAAD_OS_df377	RSF	mtry	22
PAAD_OS_df377	RSF	nodesize	15
PAAD_OS_df377	MTLR	nintervals	default
PAAD_OS_df377	MTLR	regularization	C1=1
PAAD_OS_df377	MVL	weight_RSF	0.25
PAAD_OS_df377	MVL	weight_XGBoost	0.25
PAAD_OS_df377	MVL	weight_MTLR	0.25
PAAD_OS_df377	MVL	weight_Boruta	0.25
PAAD_PFI_df377	XGBoost	objective	survival:cox
PAAD_PFI_df377	XGBoost	eval_metric	cox-nloglik
PAAD_PFI_df377	XGBoost	eta	0.05
PAAD_PFI_df377	XGBoost	max_depth	4
PAAD_PFI_df377	XGBoost	min_child_weight	3
PAAD_PFI_df377	XGBoost	subsample	0.8
PAAD_PFI_df377	XGBoost	nthread	1
PAAD_PFI_df377	XGBoost	validate_parameters	TRUE
PAAD_PFI_df377	XGBoost	nrounds	500
PAAD_PFI_df377	RSF	ntree	1000
PAAD_PFI_df377	RSF	mtry	22
PAAD_PFI_df377	RSF	nodesize	15
PAAD_PFI_df377	MTLR	nintervals	default
PAAD_PFI_df377	MTLR	regularization	C1=1
PAAD_PFI_df377	MVL	weight_RSF	0.25
PAAD_PFI_df377	MVL	weight_XGBoost	0.25
PAAD_PFI_df377	MVL	weight_MTLR	0.25
PAAD_PFI_df377	MVL	weight_Boruta	0.25
PCPG_PFI_df161	XGBoost	objective	survival:cox
PCPG_PFI_df161	XGBoost	eval_metric	cox-nloglik
PCPG_PFI_df161	XGBoost	eta	0.05
PCPG_PFI_df161	XGBoost	max_depth	4
PCPG_PFI_df161	XGBoost	min_child_weight	3
PCPG_PFI_df161	XGBoost	subsample	0.8
PCPG_PFI_df161	XGBoost	nthread	1
PCPG_PFI_df161	XGBoost	validate_parameters	TRUE
PCPG_PFI_df161	XGBoost	nrounds	500
PCPG_PFI_df161	RSF	ntree	1000
PCPG_PFI_df161	RSF	mtry	10
PCPG_PFI_df161	RSF	nodesize	15
PCPG_PFI_df161	MTLR	nintervals	default
PCPG_PFI_df161	MTLR	regularization	C1=100
PCPG_PFI_df161	MVL	weight_RSF	0.25
PCPG_PFI_df161	MVL	weight_XGBoost	0.25
PCPG_PFI_df161	MVL	weight_MTLR	0.25
PCPG_PFI_df161	MVL	weight_Boruta	0.25
PRAD_DFI_df374	XGBoost	objective	survival:cox
PRAD_DFI_df374	XGBoost	eval_metric	cox-nloglik
PRAD_DFI_df374	XGBoost	eta	0.05
PRAD_DFI_df374	XGBoost	max_depth	4
PRAD_DFI_df374	XGBoost	min_child_weight	3
PRAD_DFI_df374	XGBoost	subsample	0.8
PRAD_DFI_df374	XGBoost	nthread	1
PRAD_DFI_df374	XGBoost	validate_parameters	TRUE
PRAD_DFI_df374	XGBoost	nrounds	500
PRAD_DFI_df374	RSF	ntree	1000
PRAD_DFI_df374	RSF	mtry	33
PRAD_DFI_df374	RSF	nodesize	15
PRAD_DFI_df374	MTLR	nintervals	default
PRAD_DFI_df374	MTLR	regularization	C1=1
PRAD_DFI_df374	MVL	weight_XGBoost	2.933053
PRAD_DFI_df374	MVL	weight_MTLR	0.624553
PRAD_DFI_df374	MVL	weight_Boruta	0.552307
PRAD_DFI_df374	MVL	weight_RSF	-0.351885
PRAD_PFI_df374	XGBoost	objective	survival:cox
PRAD_PFI_df374	XGBoost	eval_metric	cox-nloglik
PRAD_PFI_df374	XGBoost	eta	0.05
PRAD_PFI_df374	XGBoost	max_depth	4
PRAD_PFI_df374	XGBoost	min_child_weight	3
PRAD_PFI_df374	XGBoost	subsample	0.8
PRAD_PFI_df374	XGBoost	nthread	1
PRAD_PFI_df374	XGBoost	validate_parameters	TRUE
PRAD_PFI_df374	XGBoost	nrounds	500
PRAD_PFI_df374	RSF	ntree	1000
PRAD_PFI_df374	RSF	mtry	33
PRAD_PFI_df374	RSF	nodesize	15
PRAD_PFI_df374	MTLR	nintervals	default
PRAD_PFI_df374	MTLR	regularization	C1=1
PRAD_PFI_df374	MVL	weight_XGBoost	4.294562
PRAD_PFI_df374	MVL	weight_RSF	0.409526
PRAD_PFI_df374	MVL	weight_MTLR	0.127155
PRAD_PFI_df374	MVL	weight_Boruta	0.108658
READ_OS_df160	XGBoost	objective	survival:cox
READ_OS_df160	XGBoost	eval_metric	cox-nloglik
READ_OS_df160	XGBoost	eta	0.05
READ_OS_df160	XGBoost	max_depth	4
READ_OS_df160	XGBoost	min_child_weight	3
READ_OS_df160	XGBoost	subsample	0.8
READ_OS_df160	XGBoost	nthread	1
READ_OS_df160	XGBoost	validate_parameters	TRUE
READ_OS_df160	XGBoost	nrounds	500
READ_OS_df160	RSF	ntree	1000
READ_OS_df160	RSF	mtry	8
READ_OS_df160	RSF	nodesize	15
READ_OS_df160	MTLR	nintervals	default
READ_OS_df160	MTLR	regularization	C1=1000
READ_OS_df160	MVL	weight_XGBoost	25.938395
READ_OS_df160	MVL	weight_MTLR	0.27617
READ_OS_df160	MVL	weight_RSF	-0.142311
READ_OS_df160	MVL	weight_Boruta	-0.044333
READ_PFI_df160	XGBoost	objective	survival:cox
READ_PFI_df160	XGBoost	eval_metric	cox-nloglik
READ_PFI_df160	XGBoost	eta	0.05
READ_PFI_df160	XGBoost	max_depth	4
READ_PFI_df160	XGBoost	min_child_weight	3
READ_PFI_df160	XGBoost	subsample	0.8
READ_PFI_df160	XGBoost	nthread	1
READ_PFI_df160	XGBoost	validate_parameters	TRUE
READ_PFI_df160	XGBoost	nrounds	500
READ_PFI_df160	RSF	ntree	1000
READ_PFI_df160	RSF	mtry	8
READ_PFI_df160	RSF	nodesize	15
READ_PFI_df160	MTLR	nintervals	default
READ_PFI_df160	MTLR	regularization	C1=1000
READ_PFI_df160	MVL	weight_RSF	0.25
READ_PFI_df160	MVL	weight_XGBoost	0.25
READ_PFI_df160	MVL	weight_MTLR	0.25
READ_PFI_df160	MVL	weight_Boruta	0.25
SARC_DFI_df305	XGBoost	objective	survival:cox
SARC_DFI_df305	XGBoost	eval_metric	cox-nloglik
SARC_DFI_df305	XGBoost	eta	0.05
SARC_DFI_df305	XGBoost	max_depth	4
SARC_DFI_df305	XGBoost	min_child_weight	3
SARC_DFI_df305	XGBoost	subsample	0.8
SARC_DFI_df305	XGBoost	nthread	1
SARC_DFI_df305	XGBoost	validate_parameters	TRUE
SARC_DFI_df305	XGBoost	nrounds	500
SARC_DFI_df305	RSF	ntree	1000
SARC_DFI_df305	RSF	mtry	14
SARC_DFI_df305	RSF	nodesize	15
SARC_DFI_df305	MTLR	nintervals	default
SARC_DFI_df305	MTLR	regularization	C1=1
SARC_DFI_df305	MVL	weight_XGBoost	4.276954
SARC_DFI_df305	MVL	weight_MTLR	0.560794
SARC_DFI_df305	MVL	weight_Boruta	0.427702
SARC_DFI_df305	MVL	weight_RSF	-0.263287
SARC_DSS_df305	XGBoost	objective	survival:cox
SARC_DSS_df305	XGBoost	eval_metric	cox-nloglik
SARC_DSS_df305	XGBoost	eta	0.05
SARC_DSS_df305	XGBoost	max_depth	4
SARC_DSS_df305	XGBoost	min_child_weight	3
SARC_DSS_df305	XGBoost	subsample	0.8
SARC_DSS_df305	XGBoost	nthread	1
SARC_DSS_df305	XGBoost	validate_parameters	TRUE
SARC_DSS_df305	XGBoost	nrounds	500
SARC_DSS_df305	RSF	ntree	1000
SARC_DSS_df305	RSF	mtry	14
SARC_DSS_df305	RSF	nodesize	15
SARC_DSS_df305	MTLR	nintervals	default
SARC_DSS_df305	MTLR	regularization	C1=1
SARC_DSS_df305	MVL	weight_XGBoost	4.435104
SARC_DSS_df305	MVL	weight_Boruta	0.413573
SARC_DSS_df305	MVL	weight_MTLR	0.295037
SARC_DSS_df305	MVL	weight_RSF	-0.131281
SARC_OS_df305	XGBoost	objective	survival:cox
SARC_OS_df305	XGBoost	eval_metric	cox-nloglik
SARC_OS_df305	XGBoost	eta	0.05
SARC_OS_df305	XGBoost	max_depth	4
SARC_OS_df305	XGBoost	min_child_weight	3
SARC_OS_df305	XGBoost	subsample	0.8
SARC_OS_df305	XGBoost	nthread	1
SARC_OS_df305	XGBoost	validate_parameters	TRUE
SARC_OS_df305	XGBoost	nrounds	500
SARC_OS_df305	RSF	ntree	1000
SARC_OS_df305	RSF	mtry	14
SARC_OS_df305	RSF	nodesize	15
SARC_OS_df305	MTLR	nintervals	default
SARC_OS_df305	MTLR	regularization	C1=1
SARC_OS_df305	MVL	weight_XGBoost	4.299042
SARC_OS_df305	MVL	weight_MTLR	0.624064
SARC_OS_df305	MVL	weight_RSF	-0.289178
SARC_OS_df305	MVL	weight_Boruta	0.287861
SARC_PFI_df305	XGBoost	objective	survival:cox
SARC_PFI_df305	XGBoost	eval_metric	cox-nloglik
SARC_PFI_df305	XGBoost	eta	0.05
SARC_PFI_df305	XGBoost	max_depth	4
SARC_PFI_df305	XGBoost	min_child_weight	3
SARC_PFI_df305	XGBoost	subsample	0.8
SARC_PFI_df305	XGBoost	nthread	1
SARC_PFI_df305	XGBoost	validate_parameters	TRUE
SARC_PFI_df305	XGBoost	nrounds	500
SARC_PFI_df305	RSF	ntree	1000
SARC_PFI_df305	RSF	mtry	14
SARC_PFI_df305	RSF	nodesize	15
SARC_PFI_df305	MTLR	nintervals	default
SARC_PFI_df305	MTLR	regularization	C1=10
SARC_PFI_df305	MVL	weight_XGBoost	2.968443
SARC_PFI_df305	MVL	weight_Boruta	0.260646
SARC_PFI_df305	MVL	weight_RSF	0.189746
SARC_PFI_df305	MVL	weight_MTLR	0.059814
SKCM_DSS_df377	XGBoost	objective	survival:cox
SKCM_DSS_df377	XGBoost	eval_metric	cox-nloglik
SKCM_DSS_df377	XGBoost	eta	0.05
SKCM_DSS_df377	XGBoost	max_depth	4
SKCM_DSS_df377	XGBoost	min_child_weight	3
SKCM_DSS_df377	XGBoost	subsample	0.8
SKCM_DSS_df377	XGBoost	nthread	1
SKCM_DSS_df377	XGBoost	validate_parameters	TRUE
SKCM_DSS_df377	XGBoost	nrounds	500
SKCM_DSS_df377	RSF	ntree	1000
SKCM_DSS_df377	RSF	mtry	20
SKCM_DSS_df377	RSF	nodesize	15
SKCM_DSS_df377	MTLR	nintervals	default
SKCM_DSS_df377	MTLR	regularization	C1=1
SKCM_DSS_df377	MVL	weight_RSF	0.25
SKCM_DSS_df377	MVL	weight_XGBoost	0.25
SKCM_DSS_df377	MVL	weight_MTLR	0.25
SKCM_DSS_df377	MVL	weight_Boruta	0.25
SKCM_OS_df377	XGBoost	objective	survival:cox
SKCM_OS_df377	XGBoost	eval_metric	cox-nloglik
SKCM_OS_df377	XGBoost	eta	0.05
SKCM_OS_df377	XGBoost	max_depth	4
SKCM_OS_df377	XGBoost	min_child_weight	3
SKCM_OS_df377	XGBoost	subsample	0.8
SKCM_OS_df377	XGBoost	nthread	1
SKCM_OS_df377	XGBoost	validate_parameters	TRUE
SKCM_OS_df377	XGBoost	nrounds	500
SKCM_OS_df377	RSF	ntree	1000
SKCM_OS_df377	RSF	mtry	20
SKCM_OS_df377	RSF	nodesize	15
SKCM_OS_df377	MTLR	nintervals	default
SKCM_OS_df377	MTLR	regularization	C1=1
SKCM_OS_df377	MVL	weight_RSF	0.25
SKCM_OS_df377	MVL	weight_XGBoost	0.25
SKCM_OS_df377	MVL	weight_MTLR	0.25
SKCM_OS_df377	MVL	weight_Boruta	0.25
SKCM_PFI_df377	XGBoost	objective	survival:cox
SKCM_PFI_df377	XGBoost	eval_metric	cox-nloglik
SKCM_PFI_df377	XGBoost	eta	0.05
SKCM_PFI_df377	XGBoost	max_depth	4
SKCM_PFI_df377	XGBoost	min_child_weight	3
SKCM_PFI_df377	XGBoost	subsample	0.8
SKCM_PFI_df377	XGBoost	nthread	1
SKCM_PFI_df377	XGBoost	validate_parameters	TRUE
SKCM_PFI_df377	XGBoost	nrounds	500
SKCM_PFI_df377	RSF	ntree	1000
SKCM_PFI_df377	RSF	mtry	20
SKCM_PFI_df377	RSF	nodesize	15
SKCM_PFI_df377	MTLR	nintervals	default
SKCM_PFI_df377	MTLR	regularization	C1=1
SKCM_PFI_df377	MVL	weight_RSF	0.25
SKCM_PFI_df377	MVL	weight_XGBoost	0.25
SKCM_PFI_df377	MVL	weight_MTLR	0.25
SKCM_PFI_df377	MVL	weight_Boruta	0.25
STAD_DFI_df157	XGBoost	objective	survival:cox
STAD_DFI_df157	XGBoost	eval_metric	cox-nloglik
STAD_DFI_df157	XGBoost	eta	0.05
STAD_DFI_df157	XGBoost	max_depth	4
STAD_DFI_df157	XGBoost	min_child_weight	3
STAD_DFI_df157	XGBoost	subsample	0.8
STAD_DFI_df157	XGBoost	nthread	1
STAD_DFI_df157	XGBoost	validate_parameters	TRUE
STAD_DFI_df157	XGBoost	nrounds	500
STAD_DFI_df157	RSF	ntree	1000
STAD_DFI_df157	RSF	mtry	34
STAD_DFI_df157	RSF	nodesize	15
STAD_DFI_df157	MTLR	nintervals	default
STAD_DFI_df157	MTLR	regularization	C1=1
STAD_DFI_df157	MVL	weight_RSF	0.25
STAD_DFI_df157	MVL	weight_XGBoost	0.25
STAD_DFI_df157	MVL	weight_MTLR	0.25
STAD_DFI_df157	MVL	weight_Boruta	0.25
STAD_DSS_df157	XGBoost	objective	survival:cox
STAD_DSS_df157	XGBoost	eval_metric	cox-nloglik
STAD_DSS_df157	XGBoost	eta	0.05
STAD_DSS_df157	XGBoost	max_depth	4
STAD_DSS_df157	XGBoost	min_child_weight	3
STAD_DSS_df157	XGBoost	subsample	0.8
STAD_DSS_df157	XGBoost	nthread	1
STAD_DSS_df157	XGBoost	validate_parameters	TRUE
STAD_DSS_df157	XGBoost	nrounds	500
STAD_DSS_df157	RSF	ntree	1000
STAD_DSS_df157	RSF	mtry	34
STAD_DSS_df157	RSF	nodesize	15
STAD_DSS_df157	MTLR	nintervals	default
STAD_DSS_df157	MTLR	regularization	C1=1
STAD_DSS_df157	MVL	weight_RSF	0.25
STAD_DSS_df157	MVL	weight_XGBoost	0.25
STAD_DSS_df157	MVL	weight_MTLR	0.25
STAD_DSS_df157	MVL	weight_Boruta	0.25
STAD_OS_df157	XGBoost	objective	survival:cox
STAD_OS_df157	XGBoost	eval_metric	cox-nloglik
STAD_OS_df157	XGBoost	eta	0.05
STAD_OS_df157	XGBoost	max_depth	4
STAD_OS_df157	XGBoost	min_child_weight	3
STAD_OS_df157	XGBoost	subsample	0.8
STAD_OS_df157	XGBoost	nthread	1
STAD_OS_df157	XGBoost	validate_parameters	TRUE
STAD_OS_df157	XGBoost	nrounds	500
STAD_OS_df157	RSF	ntree	1000
STAD_OS_df157	RSF	mtry	34
STAD_OS_df157	RSF	nodesize	15
STAD_OS_df157	MTLR	nintervals	default
STAD_OS_df157	MTLR	regularization	C1=1
STAD_OS_df157	MVL	weight_RSF	0.25
STAD_OS_df157	MVL	weight_XGBoost	0.25
STAD_OS_df157	MVL	weight_MTLR	0.25
STAD_OS_df157	MVL	weight_Boruta	0.25
STAD_PFI_df157	XGBoost	objective	survival:cox
STAD_PFI_df157	XGBoost	eval_metric	cox-nloglik
STAD_PFI_df157	XGBoost	eta	0.05
STAD_PFI_df157	XGBoost	max_depth	4
STAD_PFI_df157	XGBoost	min_child_weight	3
STAD_PFI_df157	XGBoost	subsample	0.8
STAD_PFI_df157	XGBoost	nthread	1
STAD_PFI_df157	XGBoost	validate_parameters	TRUE
STAD_PFI_df157	XGBoost	nrounds	500
STAD_PFI_df157	RSF	ntree	1000
STAD_PFI_df157	RSF	mtry	34
STAD_PFI_df157	RSF	nodesize	15
STAD_PFI_df157	MTLR	nintervals	default
STAD_PFI_df157	MTLR	regularization	C1=1
STAD_PFI_df157	MVL	weight_RSF	0.25
STAD_PFI_df157	MVL	weight_XGBoost	0.25
STAD_PFI_df157	MVL	weight_MTLR	0.25
STAD_PFI_df157	MVL	weight_Boruta	0.25
TGCT_DFI_df377	XGBoost	objective	survival:cox
TGCT_DFI_df377	XGBoost	eval_metric	cox-nloglik
TGCT_DFI_df377	XGBoost	eta	0.05
TGCT_DFI_df377	XGBoost	max_depth	4
TGCT_DFI_df377	XGBoost	min_child_weight	3
TGCT_DFI_df377	XGBoost	subsample	0.8
TGCT_DFI_df377	XGBoost	nthread	1
TGCT_DFI_df377	XGBoost	validate_parameters	TRUE
TGCT_DFI_df377	XGBoost	nrounds	500
TGCT_DFI_df377	RSF	ntree	1000
TGCT_DFI_df377	RSF	mtry	8
TGCT_DFI_df377	RSF	nodesize	15
TGCT_DFI_df377	MTLR	nintervals	default
TGCT_DFI_df377	MTLR	regularization	C1=0.1
TGCT_DFI_df377	MVL	weight_XGBoost	8.535395
TGCT_DFI_df377	MVL	weight_MTLR	1.000477
TGCT_DFI_df377	MVL	weight_RSF	-0.378177
TGCT_DFI_df377	MVL	weight_Boruta	0.212553
TGCT_PFI_df377	XGBoost	objective	survival:cox
TGCT_PFI_df377	XGBoost	eval_metric	cox-nloglik
TGCT_PFI_df377	XGBoost	eta	0.05
TGCT_PFI_df377	XGBoost	max_depth	4
TGCT_PFI_df377	XGBoost	min_child_weight	3
TGCT_PFI_df377	XGBoost	subsample	0.8
TGCT_PFI_df377	XGBoost	nthread	1
TGCT_PFI_df377	XGBoost	validate_parameters	TRUE
TGCT_PFI_df377	XGBoost	nrounds	500
TGCT_PFI_df377	RSF	ntree	1000
TGCT_PFI_df377	RSF	mtry	8
TGCT_PFI_df377	RSF	nodesize	15
TGCT_PFI_df377	MTLR	nintervals	default
TGCT_PFI_df377	MTLR	regularization	C1=1000
TGCT_PFI_df377	MVL	weight_XGBoost	16.995042
TGCT_PFI_df377	MVL	weight_RSF	0.29988
TGCT_PFI_df377	MVL	weight_MTLR	0.222143
TGCT_PFI_df377	MVL	weight_Boruta	0.113324
THCA_DFI_df377	XGBoost	objective	survival:cox
THCA_DFI_df377	XGBoost	eval_metric	cox-nloglik
THCA_DFI_df377	XGBoost	eta	0.05
THCA_DFI_df377	XGBoost	max_depth	4
THCA_DFI_df377	XGBoost	min_child_weight	3
THCA_DFI_df377	XGBoost	subsample	0.8
THCA_DFI_df377	XGBoost	nthread	1
THCA_DFI_df377	XGBoost	validate_parameters	TRUE
THCA_DFI_df377	XGBoost	nrounds	500
THCA_DFI_df377	RSF	ntree	1000
THCA_DFI_df377	RSF	mtry	23
THCA_DFI_df377	RSF	nodesize	15
THCA_DFI_df377	MTLR	nintervals	default
THCA_DFI_df377	MTLR	regularization	C1=1
THCA_DFI_df377	MVL	weight_RSF	0.25
THCA_DFI_df377	MVL	weight_XGBoost	0.25
THCA_DFI_df377	MVL	weight_MTLR	0.25
THCA_DFI_df377	MVL	weight_Boruta	0.25
THCA_OS_df377	XGBoost	objective	survival:cox
THCA_OS_df377	XGBoost	eval_metric	cox-nloglik
THCA_OS_df377	XGBoost	eta	0.05
THCA_OS_df377	XGBoost	max_depth	4
THCA_OS_df377	XGBoost	min_child_weight	3
THCA_OS_df377	XGBoost	subsample	0.8
THCA_OS_df377	XGBoost	nthread	1
THCA_OS_df377	XGBoost	validate_parameters	TRUE
THCA_OS_df377	XGBoost	nrounds	500
THCA_OS_df377	RSF	ntree	1000
THCA_OS_df377	RSF	mtry	23
THCA_OS_df377	RSF	nodesize	15
THCA_OS_df377	MTLR	nintervals	default
THCA_OS_df377	MTLR	regularization	C1=0.1
THCA_OS_df377	MVL	weight_RSF	0.25
THCA_OS_df377	MVL	weight_XGBoost	0.25
THCA_OS_df377	MVL	weight_MTLR	0.25
THCA_OS_df377	MVL	weight_Boruta	0.25
THCA_PFI_df377	XGBoost	objective	survival:cox
THCA_PFI_df377	XGBoost	eval_metric	cox-nloglik
THCA_PFI_df377	XGBoost	eta	0.05
THCA_PFI_df377	XGBoost	max_depth	4
THCA_PFI_df377	XGBoost	min_child_weight	3
THCA_PFI_df377	XGBoost	subsample	0.8
THCA_PFI_df377	XGBoost	nthread	1
THCA_PFI_df377	XGBoost	validate_parameters	TRUE
THCA_PFI_df377	XGBoost	nrounds	500
THCA_PFI_df377	RSF	ntree	1000
THCA_PFI_df377	RSF	mtry	23
THCA_PFI_df377	RSF	nodesize	15
THCA_PFI_df377	MTLR	nintervals	default
THCA_PFI_df377	MTLR	regularization	C1=1
THCA_PFI_df377	MVL	weight_RSF	0.25
THCA_PFI_df377	MVL	weight_XGBoost	0.25
THCA_PFI_df377	MVL	weight_MTLR	0.25
THCA_PFI_df377	MVL	weight_Boruta	0.25
THYM_PFI_df377	XGBoost	objective	survival:cox
THYM_PFI_df377	XGBoost	eval_metric	cox-nloglik
THYM_PFI_df377	XGBoost	eta	0.05
THYM_PFI_df377	XGBoost	max_depth	4
THYM_PFI_df377	XGBoost	min_child_weight	3
THYM_PFI_df377	XGBoost	subsample	0.8
THYM_PFI_df377	XGBoost	nthread	1
THYM_PFI_df377	XGBoost	validate_parameters	TRUE
THYM_PFI_df377	XGBoost	nrounds	500
THYM_PFI_df377	RSF	ntree	1000
THYM_PFI_df377	RSF	mtry	22
THYM_PFI_df377	RSF	nodesize	15
THYM_PFI_df377	MTLR	nintervals	default
THYM_PFI_df377	MTLR	regularization	C1=100
THYM_PFI_df377	MVL	weight_XGBoost	14.917118
THYM_PFI_df377	MVL	weight_MTLR	0.476001
THYM_PFI_df377	MVL	weight_RSF	0.295265
THYM_PFI_df377	MVL	weight_Boruta	0.133253
UCEC_DSS_df377	XGBoost	objective	survival:cox
UCEC_DSS_df377	XGBoost	eval_metric	cox-nloglik
UCEC_DSS_df377	XGBoost	eta	0.05
UCEC_DSS_df377	XGBoost	max_depth	4
UCEC_DSS_df377	XGBoost	min_child_weight	3
UCEC_DSS_df377	XGBoost	subsample	0.8
UCEC_DSS_df377	XGBoost	nthread	1
UCEC_DSS_df377	XGBoost	validate_parameters	TRUE
UCEC_DSS_df377	XGBoost	nrounds	500
UCEC_DSS_df377	RSF	ntree	1000
UCEC_DSS_df377	RSF	mtry	15
UCEC_DSS_df377	RSF	nodesize	15
UCEC_DSS_df377	MTLR	nintervals	default
UCEC_DSS_df377	MTLR	regularization	C1=0.1
UCEC_DSS_df377	MVL	weight_RSF	0.25
UCEC_DSS_df377	MVL	weight_XGBoost	0.25
UCEC_DSS_df377	MVL	weight_MTLR	0.25
UCEC_DSS_df377	MVL	weight_Boruta	0.25
UCEC_OS_df377	XGBoost	objective	survival:cox
UCEC_OS_df377	XGBoost	eval_metric	cox-nloglik
UCEC_OS_df377	XGBoost	eta	0.05
UCEC_OS_df377	XGBoost	max_depth	4
UCEC_OS_df377	XGBoost	min_child_weight	3
UCEC_OS_df377	XGBoost	subsample	0.8
UCEC_OS_df377	XGBoost	nthread	1
UCEC_OS_df377	XGBoost	validate_parameters	TRUE
UCEC_OS_df377	XGBoost	nrounds	500
UCEC_OS_df377	RSF	ntree	1000
UCEC_OS_df377	RSF	mtry	15
UCEC_OS_df377	RSF	nodesize	15
UCEC_OS_df377	MTLR	nintervals	default
UCEC_OS_df377	MTLR	regularization	C1=0.1
UCEC_OS_df377	MVL	weight_RSF	0.25
UCEC_OS_df377	MVL	weight_XGBoost	0.25
UCEC_OS_df377	MVL	weight_MTLR	0.25
UCEC_OS_df377	MVL	weight_Boruta	0.25
UCEC_PFI_df377	XGBoost	objective	survival:cox
UCEC_PFI_df377	XGBoost	eval_metric	cox-nloglik
UCEC_PFI_df377	XGBoost	eta	0.05
UCEC_PFI_df377	XGBoost	max_depth	4
UCEC_PFI_df377	XGBoost	min_child_weight	3
UCEC_PFI_df377	XGBoost	subsample	0.8
UCEC_PFI_df377	XGBoost	nthread	1
UCEC_PFI_df377	XGBoost	validate_parameters	TRUE
UCEC_PFI_df377	XGBoost	nrounds	500
UCEC_PFI_df377	RSF	ntree	1000
UCEC_PFI_df377	RSF	mtry	15
UCEC_PFI_df377	RSF	nodesize	15
UCEC_PFI_df377	MTLR	nintervals	default
UCEC_PFI_df377	MTLR	regularization	C1=0.1
UCEC_PFI_df377	MVL	weight_RSF	0.25
UCEC_PFI_df377	MVL	weight_XGBoost	0.25
UCEC_PFI_df377	MVL	weight_MTLR	0.25
UCEC_PFI_df377	MVL	weight_Boruta	0.25
UCS_DSS_df377	XGBoost	objective	survival:cox
UCS_DSS_df377	XGBoost	eval_metric	cox-nloglik
UCS_DSS_df377	XGBoost	eta	0.05
UCS_DSS_df377	XGBoost	max_depth	4
UCS_DSS_df377	XGBoost	min_child_weight	3
UCS_DSS_df377	XGBoost	subsample	0.8
UCS_DSS_df377	XGBoost	nthread	1
UCS_DSS_df377	XGBoost	validate_parameters	TRUE
UCS_DSS_df377	XGBoost	nrounds	500
UCS_DSS_df377	RSF	ntree	1000
UCS_DSS_df377	RSF	mtry	1
UCS_DSS_df377	RSF	nodesize	15
UCS_DSS_df377	MTLR	nintervals	default
UCS_DSS_df377	MTLR	regularization	C1=100
UCS_DSS_df377	MVL	weight_RSF	0.25
UCS_DSS_df377	MVL	weight_XGBoost	0.25
UCS_DSS_df377	MVL	weight_MTLR	0.25
UCS_DSS_df377	MVL	weight_Boruta	0.25
UCS_OS_df377	XGBoost	objective	survival:cox
UCS_OS_df377	XGBoost	eval_metric	cox-nloglik
UCS_OS_df377	XGBoost	eta	0.05
UCS_OS_df377	XGBoost	max_depth	4
UCS_OS_df377	XGBoost	min_child_weight	3
UCS_OS_df377	XGBoost	subsample	0.8
UCS_OS_df377	XGBoost	nthread	1
UCS_OS_df377	XGBoost	validate_parameters	TRUE
UCS_OS_df377	XGBoost	nrounds	500
UCS_OS_df377	RSF	ntree	1000
UCS_OS_df377	RSF	mtry	1
UCS_OS_df377	RSF	nodesize	15
UCS_OS_df377	MTLR	nintervals	default
UCS_OS_df377	MTLR	regularization	C1=1000
UCS_OS_df377	MVL	weight_RSF	0.25
UCS_OS_df377	MVL	weight_XGBoost	0.25
UCS_OS_df377	MVL	weight_MTLR	0.25
UCS_OS_df377	MVL	weight_Boruta	0.25
UCS_PFI_df377	XGBoost	objective	survival:cox
UCS_PFI_df377	XGBoost	eval_metric	cox-nloglik
UCS_PFI_df377	XGBoost	eta	0.05
UCS_PFI_df377	XGBoost	max_depth	4
UCS_PFI_df377	XGBoost	min_child_weight	3
UCS_PFI_df377	XGBoost	subsample	0.8
UCS_PFI_df377	XGBoost	nthread	1
UCS_PFI_df377	XGBoost	validate_parameters	TRUE
UCS_PFI_df377	XGBoost	nrounds	500
UCS_PFI_df377	RSF	ntree	1000
UCS_PFI_df377	RSF	mtry	1
UCS_PFI_df377	RSF	nodesize	15
UCS_PFI_df377	MTLR	nintervals	default
UCS_PFI_df377	MTLR	regularization	C1=100
UCS_PFI_df377	MVL	weight_RSF	0.25
UCS_PFI_df377	MVL	weight_XGBoost	0.25
UCS_PFI_df377	MVL	weight_MTLR	0.25
UCS_PFI_df377	MVL	weight_Boruta	0.25
UVM_DSS_df377	XGBoost	objective	survival:cox
UVM_DSS_df377	XGBoost	eval_metric	cox-nloglik
UVM_DSS_df377	XGBoost	eta	0.05
UVM_DSS_df377	XGBoost	max_depth	4
UVM_DSS_df377	XGBoost	min_child_weight	3
UVM_DSS_df377	XGBoost	subsample	0.8
UVM_DSS_df377	XGBoost	nthread	1
UVM_DSS_df377	XGBoost	validate_parameters	TRUE
UVM_DSS_df377	XGBoost	nrounds	500
UVM_DSS_df377	RSF	ntree	1000
UVM_DSS_df377	RSF	mtry	4
UVM_DSS_df377	RSF	nodesize	15
UVM_DSS_df377	MTLR	nintervals	default
UVM_DSS_df377	MTLR	regularization	C1=0.1
UVM_DSS_df377	MVL	weight_XGBoost	6.084225
UVM_DSS_df377	MVL	weight_MTLR	1.370592
UVM_DSS_df377	MVL	weight_RSF	-0.306027
UVM_DSS_df377	MVL	weight_Boruta	0
UVM_OS_df377	XGBoost	objective	survival:cox
UVM_OS_df377	XGBoost	eval_metric	cox-nloglik
UVM_OS_df377	XGBoost	eta	0.05
UVM_OS_df377	XGBoost	max_depth	4
UVM_OS_df377	XGBoost	min_child_weight	3
UVM_OS_df377	XGBoost	subsample	0.8
UVM_OS_df377	XGBoost	nthread	1
UVM_OS_df377	XGBoost	validate_parameters	TRUE
UVM_OS_df377	XGBoost	nrounds	500
UVM_OS_df377	RSF	ntree	1000
UVM_OS_df377	RSF	mtry	4
UVM_OS_df377	RSF	nodesize	15
UVM_OS_df377	MTLR	nintervals	default
UVM_OS_df377	MTLR	regularization	C1=0.1
UVM_OS_df377	MVL	weight_XGBoost	6.699879
UVM_OS_df377	MVL	weight_MTLR	1.743167
UVM_OS_df377	MVL	weight_Boruta	-0.374213
UVM_OS_df377	MVL	weight_RSF	-0.178632
UVM_PFI_df377	XGBoost	objective	survival:cox
UVM_PFI_df377	XGBoost	eval_metric	cox-nloglik
UVM_PFI_df377	XGBoost	eta	0.05
UVM_PFI_df377	XGBoost	max_depth	4
UVM_PFI_df377	XGBoost	min_child_weight	3
UVM_PFI_df377	XGBoost	subsample	0.8
UVM_PFI_df377	XGBoost	nthread	1
UVM_PFI_df377	XGBoost	validate_parameters	TRUE
UVM_PFI_df377	XGBoost	nrounds	500
UVM_PFI_df377	RSF	ntree	1000
UVM_PFI_df377	RSF	mtry	4
UVM_PFI_df377	RSF	nodesize	15
UVM_PFI_df377	MTLR	nintervals	default
UVM_PFI_df377	MTLR	regularization	C1=1000
UVM_PFI_df377	MVL	weight_XGBoost	5.338264
UVM_PFI_df377	MVL	weight_MTLR	1.242838
UVM_PFI_df377	MVL	weight_Boruta	0.890573
UVM_PFI_df377	MVL	weight_RSF	-0.659579
