Level	Setting	Gene	Alterations	Cancer Types
Fda2	Somatic	ABL1	BCR-ABL1 Fusion	B-Lymphoblastic Leukemia/Lymphoma
Fda2	Somatic	ABL1	BCR-ABL1 Fusion	Chronic Myelogenous Leukemia
Fda2	Somatic	ABL1	E255K, E255V, F317C, F317I, F317L, F317V, F359C, F359I, F359V, G250E, T315A, V299L, Y253H	B-Lymphoblastic Leukemia/Lymphoma
Fda2	Somatic	ABL1	E255K, E255V, F317C, F317I, F317L, F317V, F359C, F359I, F359V, G250E, T315A, V299L, Y253H	Chronic Myelogenous Leukemia
Fda2	Somatic	ABL1	E255K, E255V, F317C, F317I, F317V, F359C, F359I, F359V, T315A, Y253H	B-Lymphoblastic Leukemia/Lymphoma
Fda2	Somatic	ABL1	E255K, E255V, F317C, F317I, F317V, F359C, F359I, F359V, T315A, Y253H	Chronic Myelogenous Leukemia
Fda2	Somatic	ABL1	E255K, E255V, F359C, F359I, F359V, G250E, Y253H	B-Lymphoblastic Leukemia/Lymphoma
Fda2	Somatic	ABL1	E255K, E255V, F359C, F359I, F359V, G250E, Y253H	Chronic Myelogenous Leukemia
Fda2	Somatic	ABL1	E255K, E255V, F359C, F359I, F359V, Y253H	B-Lymphoblastic Leukemia/Lymphoma
Fda2	Somatic	ABL1	E255K, E255V, F359C, F359I, F359V, Y253H	Chronic Myelogenous Leukemia
Fda2	Somatic	ABL1	F317C, F317I, F317L, F317V, T315A, V299L	B-Lymphoblastic Leukemia/Lymphoma
Fda2	Somatic	ABL1	F317C, F317I, F317L, F317V, T315A, V299L	Chronic Myelogenous Leukemia
Fda2	Somatic	ABL1	F317L, G250E, V299L	B-Lymphoblastic Leukemia/Lymphoma
Fda2	Somatic	ABL1	F317L, G250E, V299L	Chronic Myelogenous Leukemia
Fda2	Somatic	ABL1	T315I	B-Lymphoblastic Leukemia/Lymphoma
Fda2	Somatic	ABL1	T315I	Chronic Myelogenous Leukemia
Fda2	Somatic	AKT1	E17K	Breast Cancer
Fda2	Somatic	AKT1	Oncogenic Mutations (excluding E17K)	Breast Cancer
Fda2	Somatic	ALK	Fusions	Anaplastic Large-Cell Lymphoma ALK Positive
Fda2	Somatic	ALK	Fusions	Inflammatory Myofibroblastic Tumor
Fda2	Somatic	ALK	Fusions	Non-Small Cell Lung Cancer
Fda2	Somatic	ALK	G1202R	Non-Small Cell Lung Cancer
Fda2	Somatic	ALK	L1196M	Non-Small Cell Lung Cancer
Fda2	Somatic	ATM	Oncogenic Mutations	Prostate Cancer
Fda2	Somatic	ATR	Oncogenic Mutations	Prostate Cancer
Fda2	Somatic	BARD1	Oncogenic Mutations	Prostate Cancer
Fda2	Somatic	BRAF	Fusions	Low-Grade Glioma, NOS
Fda2	Somatic	BRAF	Fusions	Pilocytic Astrocytoma
Fda2	Somatic	BRAF	V600	Erdheim-Chester Disease
Fda2	Somatic	BRAF	V600	Low-Grade Glioma, NOS
Fda2	Somatic	BRAF	V600	Melanoma
Fda2	Somatic	BRAF	V600 (excluding V600E and V600K)	Melanoma
Fda2	Somatic	BRAF	V600E	All Solid Tumors (excluding Colorectal Cancer)
Fda2	Somatic	BRAF	V600E	Anaplastic Thyroid Cancer
Fda2	Somatic	BRAF	V600E	Biliary Tract, Hepatobiliary Cancer
Fda2	Somatic	BRAF	V600E	Colorectal Cancer
Fda2	Somatic	BRAF	V600E	Hairy Cell Leukemia
Fda2	Somatic	BRAF	V600E	Low-Grade Glioma, NOS
Fda2	Somatic	BRAF	V600E	Melanoma
Fda2	Somatic	BRAF	V600E	Non-Small Cell Lung Cancer
Fda2	Somatic	BRAF	V600E	Pilocytic Astrocytoma
Fda2	Somatic	BRAF	V600E, V600K	Melanoma
Fda2	Somatic	BRCA1	Oncogenic Mutations	Peritoneal Serous Carcinoma, Ovarian Cancer, Ovary/Fallopian Tube
Fda2	Somatic	BRCA1	Oncogenic Mutations	Prostate Cancer
Fda2	Somatic	BRCA2	Oncogenic Mutations	Peritoneal Serous Carcinoma, Ovarian Cancer, Ovary/Fallopian Tube
Fda2	Somatic	BRCA2	Oncogenic Mutations	Prostate Cancer
Fda2	Somatic	BRIP1	Oncogenic Mutations	Prostate Cancer
Fda2	Somatic	BTK	C481F	Chronic Lymphocytic Leukemia/Small Lymphocytic Lymphoma
Fda2	Somatic	BTK	C481R	Chronic Lymphocytic Leukemia/Small Lymphocytic Lymphoma
Fda2	Somatic	BTK	C481S	Chronic Lymphocytic Leukemia/Small Lymphocytic Lymphoma
Fda2	Somatic	BTK	C481Y	Chronic Lymphocytic Leukemia/Small Lymphocytic Lymphoma
Fda2	Somatic	CDK12	Oncogenic Mutations	Prostate Cancer
Fda2	Somatic	CHEK1	Oncogenic Mutations	Prostate Cancer
Fda2	Somatic	CHEK2	Oncogenic Mutations	Prostate Cancer
Fda2	Somatic	EGFR	Exon 19 in-frame deletions, L858R	Non-Small Cell Lung Cancer
Fda2	Somatic	EGFR	Exon 20 in-frame insertions	Non-Small Cell Lung Cancer
Fda2	Somatic	EGFR	Exon 20 in-frame insertions (excluding A763_Y764insFQEA)	Non-Small Cell Lung Cancer
Fda2	Somatic	EGFR	G719	Non-Small Cell Lung Cancer
Fda2	Somatic	EGFR	L861Q	Non-Small Cell Lung Cancer
Fda2	Somatic	EGFR	Oncogenic Mutations	Non-Small Cell Lung Cancer
Fda2	Somatic	EGFR	S768I	Non-Small Cell Lung Cancer
Fda2	Somatic	EGFR	T790M	Non-Small Cell Lung Cancer
Fda2	Somatic	ERBB2	Amplification	Biliary Tract, Hepatobiliary Cancer
Fda2	Somatic	ERBB2	Amplification	Breast Cancer
Fda2	Somatic	ERBB2	Amplification	Colorectal Cancer
Fda2	Somatic	ERBB2	Amplification	Esophagogastric Adenocarcinoma
Fda2	Somatic	ERBB2	Amplification	Salivary Gland Cancer
Fda2	Somatic	ERBB2	Amplification	Small Bowel Cancer
Fda2	Somatic	ERBB2	Amplification	Uterine Serous Carcinoma/Uterine Papillary Serous Carcinoma
Fda2	Somatic	ERBB2	Exon 20 in-frame insertions	Non-Small Cell Lung Cancer (excluding Lung Squamous Cell Carcinoma)
Fda2	Somatic	ERBB2	Oncogenic missense mutations in the tyrosine kinase domain (TKD)	Non-Small Cell Lung Cancer (excluding Lung Squamous Cell Carcinoma)
Fda2	Somatic	ERBB2	Oncogenic Mutations	Cervical Cancer
Fda2	Somatic	ERBB2	Oncogenic Mutations	Non-Small Cell Lung Cancer
Fda2	Somatic	ESR1	D538, E380, L469V, L536, S463F, S463P, V422del, Y537	Breast Cancer
Fda2	Somatic	ESR1	K303R, L549P, V422del	Breast Cancer
Fda2	Somatic	ESR1	Oncogenic missense mutations in the ligand binding domain (LBD)	Breast Cancer
Fda2	Somatic	ESR1	V422del	Breast Cancer
Fda2	Somatic	EZH2	A682G, A692V, Y646C, Y646F, Y646H, Y646N, Y646S	Follicular Lymphoma
Fda2	Somatic	FANCA	Oncogenic Mutations	Prostate Cancer
Fda2	Somatic	FANCL	Oncogenic Mutations	Prostate Cancer
Fda2	Somatic	FGFR1	Fusions	Myeloid/Lymphoid Neoplasms with Eosinophilia and Rearrangement of  PDGFRA/PDGFRB or FGFR1 or with PCM1-JAK2
Fda2	Somatic	FGFR1	Fusions	Pancreatic Cancer
Fda2	Somatic	FGFR2	Fusions	Cholangiocarcinoma
Fda2	Somatic	FGFR2	Fusions	Pancreatic Cancer
Fda2	Somatic	FGFR2	Oncogenic Mutations	Non-Small Cell Lung Cancer
Fda2	Somatic	FGFR3	FGFR3-BAIAP2L1 Fusion, FGFR3-TACC3 Fusion	Bladder Cancer
Fda2	Somatic	FGFR3	G370C, R248C, S249C, Y373C	Bladder Cancer
Fda2	Somatic	FGFR3	Oncogenic Mutations	Bladder Cancer
Fda2	Somatic	FGFR3	Oncogenic Mutations	Non-Small Cell Lung Cancer
Fda2	Somatic	FLT3	D835, I836, Internal Tandem Duplication	Acute Myeloid Leukemia
Fda2	Somatic	FLT3	Internal Tandem Duplication	Acute Myeloid Leukemia
Fda2	Somatic	H3-3A	K28M	Pediatric-Type Diffuse High-Grade Glioma (excluding Diffuse Hemispheric Glioma, H3 G34-Mutant, Infant-Type Hemispheric Glioma, Diffuse Pediatric-Type High-Grade Glioma, H3-Wildtype and IDH-Wildtype)
Fda2	Somatic	H3C2	K28M	Pediatric-Type Diffuse High-Grade Glioma (excluding Diffuse Hemispheric Glioma, H3 G34-Mutant, Infant-Type Hemispheric Glioma, Diffuse Pediatric-Type High-Grade Glioma, H3-Wildtype and IDH-Wildtype)
Fda2	Somatic	H3C3	K28M	Pediatric-Type Diffuse High-Grade Glioma (excluding Diffuse Hemispheric Glioma, H3 G34-Mutant, Infant-Type Hemispheric Glioma, Diffuse Pediatric-Type High-Grade Glioma, H3-Wildtype and IDH-Wildtype)
Fda2	Somatic	IDH1	Oncogenic Mutations	Astrocytoma, IDH-Mutant, Oligodendroglioma, IDH-mutant, and 1p/19q-Codeleted
Fda2	Somatic	IDH1	Oncogenic Mutations	Chondrosarcoma
Fda2	Somatic	IDH1	R132C, R132G, R132H, R132L, R132S	Acute Myeloid Leukemia
Fda2	Somatic	IDH1	R132C, R132G, R132H, R132L, R132S	Astrocytoma, IDH-Mutant, Oligodendroglioma, IDH-mutant, and 1p/19q-Codeleted
Fda2	Somatic	IDH1	R132C, R132G, R132H, R132L, R132S	Cholangiocarcinoma, Intrahepatic Cholangiocarcinoma
Fda2	Somatic	IDH1	R132C, R132G, R132H, R132L, R132S	Myelodysplastic Syndromes
Fda2	Somatic	IDH2	R140G, R140L, R140Q, R140W, R172G, R172K, R172M, R172S, R172W	Acute Myeloid Leukemia
Fda2	Somatic	IDH2	R172G, R172K, R172M, R172S, R172W	Astrocytoma, IDH-Mutant, Oligodendroglioma, IDH-mutant, and 1p/19q-Codeleted
Fda2	Somatic	JAK2	Fusions	Myeloid/Lymphoid Neoplasms with Eosinophilia and Rearrangement of  PDGFRA/PDGFRB or FGFR1 or with PCM1-JAK2
Fda2	Somatic	KIT	A829P, C809G, D816, D820, N822, Y823D	Gastrointestinal Stromal Tumor
Fda2	Somatic	KIT	D579del, K642E, L576P, L576del, P577del, V559A, V560D, V560G, V560del, V654A, W557G, W557R, Y553_K558del	Melanoma
Fda2	Somatic	KIT	D816	Mastocytosis
Fda2	Somatic	KIT	Oncogenic Mutations	Gastrointestinal Stromal Tumor
Fda2	Somatic	KMT2A	Fusions	Acute Leukemias of Ambiguous Lineage
Fda2	Somatic	KMT2A	Fusions	Acute Myeloid Leukemia
Fda2	Somatic	KMT2A	Fusions	B-Lymphoblastic Leukemia/Lymphoma
Fda2	Somatic	KRAS	G12C	Ampullary Cancer
Fda2	Somatic	KRAS	G12C	Colorectal Cancer
Fda2	Somatic	KRAS	G12C	Hepatobiliary Cancer
Fda2	Somatic	KRAS	G12C	Non-Small Cell Lung Cancer
Fda2	Somatic	KRAS	G12C	Pancreatic Adenocarcinoma
Fda2	Somatic	KRAS	G12C	Small Bowel Cancer
Fda2	Somatic	KRAS	Oncogenic Mutations	Colorectal Cancer
Fda2	Somatic	KRAS	Oncogenic Mutations	Low-Grade Serous Ovarian Cancer
Fda2	Somatic	KRAS	Wildtype	Colorectal Cancer
Fda2	Somatic	MET	Amplification	Non-Small Cell Lung Cancer
Fda2	Somatic	MET	D1010, Exon 14 Deletion, Exon 14 in-frame deletions, Exon 14 splice mutations	Non-Small Cell Lung Cancer
Fda2	Somatic	MLH1	Oncogenic Mutations	Prostate Cancer
Fda2	Somatic	MRE11	Oncogenic Mutations	Prostate Cancer
Fda2	Somatic	NBN	Oncogenic Mutations	Prostate Cancer
Fda2	Somatic	NF1	Oncogenic Mutations	Neurofibroma
Fda2	Somatic	NPM1	K134delinsQLLSGLQ, K141_142insLSALSISGK, L135insALELGN, L136_137insAEDVKLL, NPM1-CCDC28A Fusion, NPM1-HAUS1 Fusion, NPM1-MLF1 Fusion, NPM1-RPP30 Fusion, Truncating mutations in exon 11, Truncating mutations in exon 5, Truncating mutations in exon 9	Acute Myeloid Leukemia
Fda2	Somatic	NRAS	Oncogenic Mutations	Colorectal Cancer
Fda2	Somatic	NRAS	Wildtype	Colorectal Cancer
Fda2	Somatic	NRG1	Fusions	Cholangiocarcinoma
Fda2	Somatic	NRG1	Fusions	Non-Small Cell Lung Cancer
Fda2	Somatic	NRG1	Fusions	Pancreatic Adenocarcinoma
Fda2	Somatic	NTRK1	Fusions	All Solid Tumors
Fda2	Somatic	NTRK1	G595R	All Solid Tumors
Fda2	Somatic	NTRK2	Fusions	All Solid Tumors
Fda2	Somatic	NTRK3	F617L	All Solid Tumors
Fda2	Somatic	NTRK3	Fusions	All Solid Tumors
Fda2	Somatic	NTRK3	G623R	All Solid Tumors
Fda2	Somatic	NTRK3	G696A	All Solid Tumors
Fda2	Somatic	Other Biomarkers	Microsatellite Instability-High	All Solid Tumors
Fda2	Somatic	Other Biomarkers	Microsatellite Instability-High	Colorectal Cancer
Fda2	Somatic	Other Biomarkers	Microsatellite Instability-High	Endometrial Cancer
Fda2	Somatic	Other Biomarkers	Microsatellite Instability-High	Small Bowel Cancer
Fda2	Somatic	Other Biomarkers	Tumor Mutational Burden-High	All Solid Tumors
Fda2	Somatic	PALB2	Oncogenic Mutations	Prostate Cancer
Fda2	Somatic	PDGFB	COL1A1-PDGFB Fusion	Dermatofibrosarcoma Protuberans
Fda2	Somatic	PDGFRA	D842V	Gastrointestinal Stromal Tumor
Fda2	Somatic	PDGFRA	Exon 18 in-frame deletions, Exon 18 in-frame insertions, Exon 18 missense mutations	Gastrointestinal Stromal Tumor
Fda2	Somatic	PDGFRA	FIP1L1-PDGFRA Fusion	Chronic Eosinophilic Leukemia, NOS
Fda2	Somatic	PDGFRA	Fusions	Myelodysplastic/Myeloproliferative Neoplasms
Fda2	Somatic	PDGFRA	Oncogenic Mutations	Gastrointestinal Stromal Tumor
Fda2	Somatic	PDGFRB	Fusions	Myelodysplastic/Myeloproliferative Neoplasms
Fda2	Somatic	PIK3CA	C420R, E542K, E545A, E545D, E545G, E545K, H1047L, H1047R, H1047Y, Q546E, Q546R	Breast Cancer
Fda2	Somatic	PIK3CA	E545Q, G1049R, M1043I, M1043V, N345K, Q546K, Q546P, R88Q	Breast Cancer
Fda2	Somatic	PIK3CA	Oncogenic Mutations	Breast Cancer
Fda2	Somatic	PIK3CA	Oncogenic Mutations (excluding C420R, E542K, E545A, E545D, E545G, E545K, Q546E, Q546R, H1047L, H1047R and H1047Y)	Breast Cancer
Fda2	Somatic	PIK3CA	Oncogenic Mutations (excluding C420R, E542K, E545A, E545D, E545G, E545K, Q546E, Q546R, H1047L, H1047R, H1047Y, R88Q, N345K, E545Q, Q546K, Q546P, M1043V, M1043I and G1049R)	Breast Cancer
Fda2	Somatic	POLD1	Oncogenic missense mutations in the exonuclease domain	Colorectal Cancer
Fda2	Somatic	POLD1	Oncogenic missense mutations in the exonuclease domain	Small Bowel Cancer
Fda2	Somatic	POLE	Oncogenic missense mutations in the exonuclease domain	Colorectal Cancer
Fda2	Somatic	POLE	Oncogenic missense mutations in the exonuclease domain	Small Bowel Cancer
Fda2	Somatic	PTEN	Oncogenic Mutations	Breast Cancer
Fda2	Somatic	RAD51B	Oncogenic Mutations	Prostate Cancer
Fda2	Somatic	RAD51C	Oncogenic Mutations	Prostate Cancer
Fda2	Somatic	RAD51D	Oncogenic Mutations	Prostate Cancer
Fda2	Somatic	RAD54L	Oncogenic Mutations	Prostate Cancer
Fda2	Somatic	RARA	PML-RARA Fusion	APL with PML-RARA
Fda2	Somatic	RET	Fusions	All Solid Tumors
Fda2	Somatic	RET	Fusions	Non-Small Cell Lung Cancer
Fda2	Somatic	RET	Fusions	Thyroid Cancer
Fda2	Somatic	RET	Oncogenic Mutations	Medullary Thyroid Cancer
Fda2	Somatic	ROS1	Fusions	Non-Small Cell Lung Cancer
Fda2	Somatic	SMARCB1	Deletion	Epithelioid Sarcoma
Fda2	Somatic	TSC1	Oncogenic Mutations	Encapsulated Glioma
Fda2	Somatic	TSC2	Oncogenic Mutations	Encapsulated Glioma