Feature,Biological Layer,Total Cohorts,Cohorts Present,Total Algorithms,Algorithms Validating,Nomenclature,Signature,Decoded Genetic Element,Elements,CTAB,GSI,GFC,PFC,SCS,TNC,HRC,SMC,TMC,TIC,RCD,Combined Outcome,Protective Count,Risky Count,NS Count,RCD form,Omic feature,Phenotype,Expression,RSF Importance,RSF Validation,Boruta Importance,Boruta Validation,XGBoost Importance,XGBoost Validation,MTLR Importance,MTLR Validation,Total Validated Algorithms
HNSC-1318.7.3.N.3.71.35.1.1.3,CpG Methylation,4,"HNSC_DFI_df017, HNSC_DSS_df017, HNSC_OS_df017, HNSC_PFI_df017",4,"XGBoost, Boruta, RSF, MTLR",HNSC-1318.7.3.N.3.71.35.1.1.3,FASLG,FASLG,1,HNSC,1318,7,3,N,3,71,35,1,1,3,Protective,3,0,1,Apoptosis/Necroptosis/Necrosis,Methylation,TSM,Overexpression,0.008915563,Validated (>0.005),21.35545712,Validated (>0.005),0.008561943,Validated (>0.005),0.192034125,Validated (>0.005),4
KIRP-1069.7.3.N.3.62.84.4.4.1,CpG Methylation,4,"KIRP_DFI_df377, KIRP_DSS_df377, KIRP_OS_df377, KIRP_PFI_df377",4,"XGBoost, Boruta, RSF, MTLR",KIRP-1069.7.3.N.3.62.84.4.4.1,NLRP11,NLRP11,1,KIRP,1069,7,3,N,3,62,84,4,4,1,Protective,1,0,3,Apoptosis,Methylation,TSM,Overexpression,0.019578282,Validated (>0.005),4.056436923,Validated (>0.005),0.037090125,Validated (>0.005),0.057532709,Validated (>0.005),4
KIRP-1177.7.3.N.1.41.70.4.4.2,CpG Methylation,4,"KIRP_DFI_df377, KIRP_DSS_df377, KIRP_OS_df377, KIRP_PFI_df377",4,"XGBoost, Boruta, RSF, MTLR",KIRP-1177.7.3.N.1.41.70.4.4.2,SLCO1B3,SLCO1B3,1,KIRP,1177,7,3,N,1,41,70,4,4,2,Risky,0,2,2,Anoikis/Apoptosis,Methylation,TSM,Unchanged,0.017010111,Validated (>0.005),1.797786489,Validated (>0.005),0.028820702,Validated (>0.005),0.019785421,Validated (>0.005),4
KIRP-1188.7.3.P.3.7.38.2.3.1,CpG Methylation,4,"KIRP_DFI_df377, KIRP_DSS_df377, KIRP_OS_df377, KIRP_PFI_df377",4,"XGBoost, RSF, Boruta, MTLR",KIRP-1188.7.3.P.3.7.38.2.3.1,SPAG6,SPAG6,1,KIRP,1188,7,3,P,3,7,38,2,3,1,Protective,1,0,3,Apoptosis,Methylation,TSM,Overexpression,0.013301813,Validated (>0.005),2.851350817,Validated (>0.005),0.021078194,Validated (>0.005),0.029444436,Validated (>0.005),4
KIRP-1205.7.3.P.2.31.58.2.4.1,CpG Methylation,4,"KIRP_DFI_df377, KIRP_DSS_df377, KIRP_OS_df377, KIRP_PFI_df377",4,"XGBoost, Boruta, RSF, MTLR",KIRP-1205.7.3.P.2.31.58.2.4.1,TFAP2B,TFAP2B,1,KIRP,1205,7,3,P,2,31,58,2,4,1,Risky,0,2,2,Necrosis,Methylation,TSM,Underexpression,0.013870549,Validated (>0.005),3.674357972,Validated (>0.005),0.011543006,Validated (>0.005),0.065094278,Validated (>0.005),4
KIRP-351.7.3.P.1.44.44.4.4.1,CpG Methylation,4,"KIRP_DFI_df377, KIRP_DSS_df377, KIRP_OS_df377, KIRP_PFI_df377",4,"XGBoost, Boruta, RSF, MTLR",KIRP-351.7.3.P.1.44.44.4.4.1,(FHL3 + PITX1),(FHL3 + PITX1),2,KIRP,351,7,3,P,1,44,44,4,4,1,Meaningful Risky,0,4,0,Apoptosis,Methylation,TSM,Unchanged,0.008059375,Validated (>0.005),2.536509968,Validated (>0.005),0.02557991,Validated (>0.005),0.044080518,Validated (>0.005),4
KIRP-449.7.2.P.3.69.44.3.3.1,CpG Methylation,4,"KIRP_DFI_df377, KIRP_DSS_df377, KIRP_OS_df377, KIRP_PFI_df377",4,"XGBoost, Boruta, RSF, MTLR",KIRP-449.7.2.P.3.69.44.3.3.1,ALOX15B,ALOX15B,1,KIRP,449,7,2,P,3,69,44,3,3,1,Protective,2,0,2,Apoptosis,Methylation,MSI,Overexpression,0.010271557,Validated (>0.005),1.304821877,Validated (>0.005),0.007348033,Validated (>0.005),0.017584373,Validated (>0.005),4
KIRP-988.7.3.N.2.44.70.3.3.1,CpG Methylation,4,"KIRP_DFI_df377, KIRP_DSS_df377, KIRP_OS_df377, KIRP_PFI_df377",4,"XGBoost, Boruta, RSF, MTLR",KIRP-988.7.3.N.2.44.70.3.3.1,KIR2DL4,KIR2DL4,1,KIRP,988,7,3,N,2,44,70,3,3,1,Meaningful Risky,0,4,0,Cellular senescence,Methylation,TSM,Underexpression,0.012259326,Validated (>0.005),2.863836572,Validated (>0.005),0.033101325,Validated (>0.005),0.038261638,Validated (>0.005),4
KIRP-996.7.3.N.3.62.95.3.3.2,CpG Methylation,4,"KIRP_DFI_df377, KIRP_DSS_df377, KIRP_OS_df377, KIRP_PFI_df377",4,"XGBoost, RSF, Boruta, MTLR",KIRP-996.7.3.N.3.62.95.3.3.2,LILRB4,LILRB4,1,KIRP,996,7,3,N,3,62,95,3,3,2,Protective,1,0,3,Apoptosis/Necrosis,Methylation,TSM,Overexpression,0.01006754,Validated (>0.005),4.535361793,Validated (>0.005),0.009253332,Validated (>0.005),0.074934649,Validated (>0.005),4
STAD-2410.7.3.N.1.44.4.4.4.2,CpG Methylation,4,"STAD_DFI_df157, STAD_DSS_df157, STAD_OS_df157, STAD_PFI_df157",4,"XGBoost, Boruta, RSF, MTLR",STAD-2410.7.3.N.1.44.4.4.4.2,MBL2,MBL2,1,STAD,2410,7,3,N,1,44,4,4,4,2,Meaningful Risky,0,4,0,Apoptosis/Necrosis,Methylation,TSM,Unchanged,0.005375569,Validated (>0.005),21.43292893,Validated (>0.005),0.006257121,Validated (>0.005),0.049941384,Validated (>0.005),4
STAD-274.7.3.P.3.35.64.2.4.2,CpG Methylation,4,"STAD_DFI_df157, STAD_DSS_df157, STAD_OS_df157, STAD_PFI_df157",4,"XGBoost, Boruta, RSF, MTLR",STAD-274.7.3.P.3.35.64.2.4.2,(COMMD10 + MEF2C),(COMMD10 + MEF2C),2,STAD,274,7,3,P,3,35,64,2,4,2,Risky,0,3,1,Apoptosis/Ferroptosis,Methylation,TSM,Overexpression,0.008935003,Validated (>0.005),16.20419392,Validated (>0.005),0.013574078,Validated (>0.005),0.064139637,Validated (>0.005),4
SARC-188.1.3.P.3.44.44.2.4.3,Protein,4,"SARC_DFI_df305, SARC_DSS_df305, SARC_OS_df305, SARC_PFI_df305",4,"Boruta, XGBoost, RSF, MTLR",SARC-188.1.3.P.3.44.44.2.4.3,CHK1,CHK1,1,SARC,188,1,3,P,3,44,44,2,4,3,Meaningful Risky,0,4,0,Apoptosis/Autophagy/Mitotic catastrophe,Protein,TSM,Overexpression,0.014112429,Validated (>0.005),9.405160898,Validated (>0.005),0.031742127,Validated (>0.005),0.107118389,Validated (>0.005),4
BLCA-170.5.3.P.3.35.35.1.4.2,Transcript,4,"BLCA_DFI_df155, BLCA_DSS_df155, BLCA_OS_df155, BLCA_PFI_df155",4,"XGBoost, Boruta, RSF, MTLR",BLCA-170.5.3.P.3.35.35.1.4.2,(ENST00000217426 + ENST00000234590),(AHCY(1/6)) + (ENO1(1/16)),2,BLCA,170,5,3,P,3,35,35,1,4,2,Risky,0,3,1,Apoptosis/Ferroptosis,Transcript,TSM,Overexpression,0.006109175,Validated (>0.005),18.67792438,Validated (>0.005),0.008991028,Validated (>0.005),0.102932297,Validated (>0.005),4
BLCA-202.5.3.N.2.31.31.2.4.1,Transcript,4,"BLCA_DFI_df155, BLCA_DSS_df155, BLCA_OS_df155, BLCA_PFI_df155",4,"Boruta, XGBoost, RSF, MTLR",BLCA-202.5.3.N.2.31.31.2.4.1,(ENST00000295228 + ENST00000278071),(INHBB(1/1)) + (ITPRIP(1/5)),2,BLCA,202,5,3,N,2,31,31,2,4,1,Risky,0,2,2,Anoikis,Transcript,TSM,Underexpression,0.011380201,Validated (>0.005),9.911445958,Validated (>0.005),0.021939313,Validated (>0.005),0.949178872,Validated (>0.005),4
BLCA-293.5.3.N.2.44.44.1.4.1,Transcript,4,"BLCA_DFI_df155, BLCA_DSS_df155, BLCA_OS_df155, BLCA_PFI_df155",4,"XGBoost, RSF, Boruta, MTLR",BLCA-293.5.3.N.2.44.44.1.4.1,(ENST00000409363 + ENST00000588684 + ENST00000258341),(ADCYAP1R1(1/8)) + (DTNA(1/65)) + (LAMC1(1/6)),3,BLCA,293,5,3,N,2,44,44,1,4,1,Meaningful Risky,0,4,0,Apoptosis,Transcript,TSM,Underexpression,0.012772762,Validated (>0.005),24.46408837,Validated (>0.005),0.023516285,Validated (>0.005),0.112173005,Validated (>0.005),4
BLCA-434.5.3.N.2.14.11.1.4.1,Transcript,4,"BLCA_DFI_df155, BLCA_DSS_df155, BLCA_OS_df155, BLCA_PFI_df155",4,"Boruta, XGBoost, RSF, MTLR",BLCA-434.5.3.N.2.14.11.1.4.1,(ENST00000630684 + ENST00000373698),(FHL1(1/36)) + (PTGS1(1/10)),2,BLCA,434,5,3,N,2,14,11,1,4,1,Risky,0,2,2,Apoptosis,Transcript,TSM,Underexpression,0.041942942,Validated (>0.005),7.258921915,Validated (>0.005),0.034815784,Validated (>0.005),1.51507292,Validated (>0.005),4
BLCA-788.5.3.N.1.26.26.3.4.2,Transcript,4,"BLCA_DFI_df155, BLCA_DSS_df155, BLCA_OS_df155, BLCA_PFI_df155",4,"Boruta, XGBoost, RSF, MTLR",BLCA-788.5.3.N.1.26.26.3.4.2,ENST00000290863,(ACE(1/21)),1,BLCA,788,5,3,N,1,26,26,3,4,2,Protective,2,0,2,Apoptosis/Necrosis,Transcript,TSM,Unchanged,0.014939369,Validated (>0.005),7.793097095,Validated (>0.005),0.014963967,Validated (>0.005),1.456472367,Validated (>0.005),4
BRCA-491.5.3.N.2.95.95.1.4.1,Transcript,4,"BRCA_DFI_df008, BRCA_DSS_df008, BRCA_OS_df008, BRCA_PFI_df008",4,"XGBoost, RSF, Boruta, MTLR",BRCA-491.5.3.N.2.95.95.1.4.1,(ENST00000309950 + ENST00000296522 + ENST00000366784 + ENST00000360830 + ENST00000394455),(DAPL1(1/4)) + (HPGD(1/14)) + (ITPKB(1/3)) + (RPS24(1/18)) + (ZFYVE26(1/16)),5,BRCA,491,5,3,N,2,95,95,1,4,1,Meaningful Protective,4,0,0,Autophagy,Transcript,TSM,Underexpression,0.008768705,Validated (>0.005),27.19355623,Validated (>0.005),0.022860087,Validated (>0.005),0.169424972,Validated (>0.005),4
BRCA-737.5.3.N.2.95.92.1.4.2,Transcript,4,"BRCA_DFI_df008, BRCA_DSS_df008, BRCA_OS_df008, BRCA_PFI_df008",4,"XGBoost, RSF, Boruta, MTLR",BRCA-737.5.3.N.2.95.92.1.4.2,(ENST00000467728 + ENST00000441012 + ENST00000471369 + ENST00000481353 + ENST00000394409 + ENST00000443624 + ENST00000266066 + ENST00000472566),(NR1H3(2/35)) + (OSCP1(1/12)) + (PDCD4(1/11)) + (PPP2R2B(1/21)) + (RPL11(1/6)) + (SFRP5(1/1)) + (USP24(1/7)),8,BRCA,737,5,3,N,2,95,92,1,4,2,Meaningful Protective,4,0,0,Apoptosis/Autophagy,Transcript,TSM,Underexpression,0.012664173,Validated (>0.005),27.8597974,Validated (>0.005),0.012069714,Validated (>0.005),0.184454459,Validated (>0.005),4
BRCA-894.5.3.P.3.93.7.1.4.1,Transcript,4,"BRCA_DFI_df008, BRCA_DSS_df008, BRCA_OS_df008, BRCA_PFI_df008",4,"Boruta, XGBoost, RSF, MTLR",BRCA-894.5.3.P.3.93.7.1.4.1,(ENST00000535307 + ENST00000311161),(FEN1(1/3)) + (SLC29A2(1/7)),2,BRCA,894,5,3,P,3,93,7,1,4,1,Protective,3,0,1,Apoptosis,Transcript,TSM,Overexpression,0.010772377,Validated (>0.005),20.88583938,Validated (>0.005),0.014957596,Validated (>0.005),0.012986972,Validated (>0.005),4
CESC-515.5.3.P.3.71.7.4.4.3,Transcript,4,"CESC_DFI_df017, CESC_DSS_df017, CESC_OS_df017, CESC_PFI_df017",4,"XGBoost, Boruta, RSF, MTLR",CESC-515.5.3.P.3.71.7.4.4.3,ENST00000347617,(HMGA1(1/9)),1,CESC,515,5,3,P,3,71,7,4,4,3,Protective,3,0,1,Anoikis/Apoptosis/Cellular senescence,Transcript,TSM,Overexpression,0.005395801,Validated (>0.005),12.06286833,Validated (>0.005),0.005148532,Validated (>0.005),1.131044043,Validated (>0.005),4
CESC-592.5.3.N.2.15.1.2.4.3,Transcript,4,"CESC_DFI_df017, CESC_DSS_df017, CESC_OS_df017, CESC_PFI_df017",4,"XGBoost, RSF, Boruta, MTLR",CESC-592.5.3.N.2.15.1.2.4.3,ENST00000480413,(CCN1(1/6)),1,CESC,592,5,3,N,2,15,1,2,4,3,Risky,0,3,1,Anoikis/Apoptosis/Autophagy,Transcript,TSM,Underexpression,0.015619177,Validated (>0.005),12.848608,Validated (>0.005),0.018570581,Validated (>0.005),0.156256361,Validated (>0.005),4
ESCA-157.5.3.P.1.35.1.4.4.2,Transcript,4,"ESCA_DFI_df017, ESCA_DSS_df017, ESCA_OS_df017, ESCA_PFI_df017",4,"XGBoost, Boruta, RSF, MTLR",ESCA-157.5.3.P.1.35.1.4.4.2,(ENST00000481733 + ENST00000595974),(PDHA1(1/13)) + (TRIM28(1/15)),2,ESCA,157,5,3,P,1,35,1,4,4,2,Risky,0,3,1,Apoptosis/Autophagy,Transcript,TSM,Unchanged,0.011980675,Validated (>0.005),10.15457654,Validated (>0.005),0.018781019,Validated (>0.005),0.198086548,Validated (>0.005),4
ESCA-163.5.3.P.3.20.20.2.4.1,Transcript,4,"ESCA_DFI_df017, ESCA_DSS_df017, ESCA_OS_df017, ESCA_PFI_df017",4,"Boruta, XGBoost, RSF, MTLR",ESCA-163.5.3.P.3.20.20.2.4.1,(ENST00000496679 + ENST00000341446 + ENST00000324953 + ENST00000327331 + ENST00000473706 + ENST00000562233 + ENST00000620384 + ENST00000394209 + ENST00000309156 + ENST00000357325 + ENST00000357065 + ENST00000421471 + ENST00000293362 + ENST00000374168 + ENST00000513838 + ENST00000550407 + ENST00000265351),(ACY1(1/29)) + (BRI3BP(1/3)) + (CD164(1/10)) + (CDCA8(1/2)) + (CENPO(1/9)) + (COX5A(1/6)) + (FAM111B(1/6)) + (GRB7(2/14)) + (HDGF(1/10)) + (HNRNPF(1/8)) + (MCM3(1/6)) + (PSME3(1/16)) + (RPS6KA1(1/20)) + (SMUG1(1/26)) + (TARBP2(1/21)) + (XPO5(1/12)),17,ESCA,163,5,3,P,3,20,20,2,4,1,Protective,1,0,3,Apoptosis,Transcript,TSM,Overexpression,0.055501738,Validated (>0.005),5.064045624,Validated (>0.005),0.039653265,Validated (>0.005),0.39609083,Validated (>0.005),4
ESCA-369.5.3.P.3.26.20.4.4.5,Transcript,4,"ESCA_DFI_df017, ESCA_DSS_df017, ESCA_OS_df017, ESCA_PFI_df017",4,"Boruta, XGBoost, RSF, MTLR",ESCA-369.5.3.P.3.26.20.4.4.5,ENST00000247668,(TRAF2(1/8)),1,ESCA,369,5,3,P,3,26,20,4,4,5,Protective,2,0,2,Anoikis/Apoptosis/Autophagy/Necroptosis/Necrosis,Transcript,TSM,Overexpression,0.013993058,Validated (>0.005),3.955432823,Validated (>0.005),0.022178662,Validated (>0.005),0.405815708,Validated (>0.005),4
HNSC-447.5.3.N.3.11.11.3.2.1,Transcript,4,"HNSC_DFI_df017, HNSC_DSS_df017, HNSC_OS_df017, HNSC_PFI_df017",4,"Boruta, XGBoost, RSF, MTLR",HNSC-447.5.3.N.3.11.11.3.2.1,(ENST00000528368 + ENST00000619721 + ENST00000243347),(C1QTNF5(1/4)) + (MFRP(1/6)) + (TNFAIP6(1/2)),3,HNSC,447,5,3,N,3,11,11,3,2,1,Risky,0,1,3,Necrosis,Transcript,TSM,Overexpression,0.009172501,Validated (>0.005),5.629983338,Validated (>0.005),0.024093663,Validated (>0.005),0.113599823,Validated (>0.005),4
KIRC-1449.5.3.N.3.13.78.3.4.3,Transcript,4,"KIRC_DFI_df161, KIRC_DSS_df161, KIRC_OS_df161, KIRC_PFI_df161",4,"Boruta, XGBoost, RSF, MTLR",KIRC-1449.5.3.N.3.13.78.3.4.3,ENST00000504325,(RACK1(1/35)),1,KIRC,1449,5,3,N,3,13,78,3,4,3,Mixed,1,1,2,Apoptosis/Autophagy/Necrosis,Transcript,TSM,Overexpression,0.021167959,Validated (>0.005),2.622713703,Validated (>0.005),0.02543628,Validated (>0.005),0.414688153,Validated (>0.005),4
KIRC-258.5.1.P.3.35.35.3.4.2,Transcript,4,"KIRC_DFI_df161, KIRC_DSS_df161, KIRC_OS_df161, KIRC_PFI_df161",4,"XGBoost, Boruta, RSF, MTLR",KIRC-258.5.1.P.3.35.35.3.4.2,(ENST00000300403 + ENST00000166345),(TPX2(1/2)) + (TRIP13(1/7)),2,KIRC,258,5,1,P,3,35,35,3,4,2,Risky,0,3,1,Apoptosis/Autophagy,Transcript,TMB,Overexpression,0.005330709,Validated (>0.005),20.05125357,Validated (>0.005),0.009202897,Validated (>0.005),0.036441195,Validated (>0.005),4
KIRC-281.5.3.N.3.11.78.3.4.1,Transcript,4,"KIRC_DFI_df161, KIRC_DSS_df161, KIRC_OS_df161, KIRC_PFI_df161",4,"Boruta, XGBoost, RSF, MTLR",KIRC-281.5.3.N.3.11.78.3.4.1,(ENST00000322008 + ENST00000435907 + ENST00000590657 + ENST00000519243 + ENST00000511112 + ENST00000397638 + ENST00000407433 + ENST00000255499 + ENST00000305557 + ENST00000543982),(CD151(1/23)) + (CHST15(1/5)) + (LINC00665(1/35)) + (LOXL2(1/15)) + (PCDH10(1/3)) + (PRMT2(1/15)) + (PROS1(1/12)) + (RNF128(1/3)) + (RTKN(1/11)) + (XRCC1(1/9)),10,KIRC,281,5,3,N,3,11,78,3,4,1,Risky,0,1,3,Apoptosis,Transcript,TSM,Overexpression,0.005649852,Validated (>0.005),2.315539334,Validated (>0.005),0.026233032,Validated (>0.005),0.325943206,Validated (>0.005),4
KIRC-448.5.3.N.3.55.35.3.4.1,Transcript,4,"KIRC_DFI_df161, KIRC_DSS_df161, KIRC_OS_df161, KIRC_PFI_df161",4,"Boruta, RSF, MTLR, XGBoost",KIRC-448.5.3.N.3.55.35.3.4.1,(ENST00000473258 + ENST00000465670 + ENST00000468611 + ENST00000465204 + ENST00000490241 + ENST00000485763),(COL6A3(1/20)) + (EIF3B(2/12)) + (FBXO11(1/18)) + (RGS3(1/31)) + (XRCC5(1/10)),6,KIRC,448,5,3,N,3,55,35,3,4,1,Mixed,1,3,0,Apoptosis,Transcript,TSM,Overexpression,0.00677907,Validated (>0.005),1.692674815,Validated (>0.005),0.005524378,Validated (>0.005),0.208831534,Validated (>0.005),4
KIRC-628.5.3.N.3.26.69.3.4.1,Transcript,4,"KIRC_DFI_df161, KIRC_DSS_df161, KIRC_OS_df161, KIRC_PFI_df161",4,"Boruta, RSF, MTLR, XGBoost",KIRC-628.5.3.N.3.26.69.3.4.1,(ENST00000586615 + ENST00000487344 + ENST00000462661),(FOSB(1/12)) + (RGS3(1/31)) + (SORBS2(1/73)),3,KIRC,628,5,3,N,3,26,69,3,4,1,Protective,2,0,2,Apoptosis,Transcript,TSM,Overexpression,0.010410054,Validated (>0.005),2.449144049,Validated (>0.005),0.007247944,Validated (>0.005),0.313038902,Validated (>0.005),4
KIRP-139.5.3.N.1.44.47.3.4.3,Transcript,4,"KIRP_DFI_df377, KIRP_DSS_df377, KIRP_OS_df377, KIRP_PFI_df377",4,"XGBoost, RSF, Boruta, MTLR",KIRP-139.5.3.N.1.44.47.3.4.3,(ENST00000225964 + ENST00000511732),(COL1A1(2/13)),2,KIRP,139,5,3,N,1,44,47,3,4,3,Meaningful Risky,0,4,0,Apoptosis/Autophagy/Necrosis,Transcript,TSM,Unchanged,0.009678492,Validated (>0.005),1.469987164,Validated (>0.005),0.019870725,Validated (>0.005),0.018697252,Validated (>0.005),4
KIRP-143.5.3.P.3.44.58.3.2.1,Transcript,4,"KIRP_DFI_df377, KIRP_DSS_df377, KIRP_OS_df377, KIRP_PFI_df377",4,"Boruta, XGBoost, RSF, MTLR",KIRP-143.5.3.P.3.44.58.3.2.1,(ENST00000233893 + ENST00000409468 + ENST00000264596 + ENST00000393196 + ENST00000589913 + ENST00000592540),(HSPE1(2/7)) + (NEIL3(1/2)) + (NME1(1/10)) + (RPL27(1/8)) + (SPC24(1/7)),6,KIRP,143,5,3,P,3,44,58,3,2,1,Meaningful Risky,0,4,0,Apoptosis,Transcript,TSM,Overexpression,0.034026498,Validated (>0.005),4.151417999,Validated (>0.005),0.034140902,Validated (>0.005),0.057247072,Validated (>0.005),4
KIRP-218.5.3.N.2.95.66.3.4.1,Transcript,4,"KIRP_DFI_df377, KIRP_DSS_df377, KIRP_OS_df377, KIRP_PFI_df377",4,"Boruta, XGBoost, RSF, MTLR",KIRP-218.5.3.N.2.95.66.3.4.1,(ENST00000412050 + ENST00000568293 + ENST00000306061 + ENST00000432518 + ENST00000265678 + ENST00000372292 + ENST00000264637 + ENST00000584985 + ENST00000377988 + ENST00000316509 + ENST00000488857 + ENST00000339420),(CPEB3(1/3)) + (MT1E(2/3)) + (RBMS3(1/20)) + (RPS6KA2(1/14)) + (SFTPD(1/4)) + (THRA(2/10)) + (TMEM8B(1/9)) + (VAMP2(2/5)) + (ZDHHC3(1/12)),12,KIRP,218,5,3,N,2,95,66,3,4,1,Meaningful Protective,4,0,0,Apoptosis,Transcript,TSM,Underexpression,0.008261613,Validated (>0.005),3.738714307,Validated (>0.005),0.015939474,Validated (>0.005),0.067649137,Validated (>0.005),4
KIRP-613.5.3.N.1.44.44.3.4.2,Transcript,4,"KIRP_DFI_df377, KIRP_DSS_df377, KIRP_OS_df377, KIRP_PFI_df377",4,"XGBoost, Boruta, RSF, MTLR",KIRP-613.5.3.N.1.44.44.3.4.2,ENST00000297268,(COL1A2(1/12)),1,KIRP,613,5,3,N,1,44,44,3,4,2,Meaningful Risky,0,4,0,Apoptosis/Pyroptosis,Transcript,TSM,Unchanged,0.013100105,Validated (>0.005),2.695543579,Validated (>0.005),0.01054426,Validated (>0.005),0.039388897,Validated (>0.005),4
KIRP-707.5.3.P.3.44.54.3.1.4,Transcript,4,"KIRP_DFI_df377, KIRP_DSS_df377, KIRP_OS_df377, KIRP_PFI_df377",4,"RSF, XGBoost, Boruta, MTLR",KIRP-707.5.3.P.3.44.54.3.1.4,ENST00000393820,(NPM1(1/33)),1,KIRP,707,5,3,P,3,44,54,3,1,4,Meaningful Risky,0,4,0,Apoptosis/Autophagy/Cellular senescence/Ferroptosis,Transcript,TSM,Overexpression,0.0126325,Validated (>0.005),3.846529772,Validated (>0.005),0.013107785,Validated (>0.005),0.031627918,Validated (>0.005),4
LGG-852.5.3.N.2.44.44.1.2.1,Transcript,4,"LGG_DFI_df374, LGG_DSS_df374, LGG_OS_df374, LGG_PFI_df374",4,"Boruta, XGBoost, RSF, MTLR",LGG-852.5.3.N.2.44.44.1.2.1,(ENST00000542466 + ENST00000480479 + ENST00000418865 + ENST00000532075 + ENST00000613942 + ENST00000560208 + ENST00000473822 + ENST00000592024 + ENST00000417354 + ENST00000481695 + ENST00000359370 + ENST00000508695 + ENST00000503864 + ENST00000517550 + ENST00000523364 + ENST00000517635 + ENST00000521478 + ENST00000504772 + ENST00000465120 + ENST00000460160 + ENST00000464266 + ENST00000311626 + ENST00000472863 + ENST00000513413 + ENST00000303460 + ENST00000243056 + ENST00000355906 + ENST00000398131 + ENST00000371642 + ENST00000477225 + ENST00000482462 + ENST00000506205 + ENST00000344770 + ENST00000611270 + ENST00000496748 + ENST00000266077 + ENST00000494508 + ENST00000462751 + ENST00000521970 + ENST00000472042 + ENST00000458238 + ENST00000604929),(`AGAP2-AS1`(1/1)) + (CCNL2(2/19)) + (CD151(1/23)) + (CRNDE(2/30)) + (DENND2D(1/8)) + (DHX58(1/8)) + (DNM3OS(1/6)) + (FABP5(1/4)) + (FGF1(1/16)) + (HERC5(1/5)) + (HOPX(1/15)) + (`HOXA-AS2`(3/13)) + (HOXA6(1/2)) + (HOXB2(1/3)) + (HOXB3(5/13)) + (HOXC10(2/5)) + (HOXC13(1/1)) + (HP(2/16)) + (IL13RA1(1/4)) + (LAMB2(1/19)) + (PDGFA(1/6)) + (PDPN(1/11)) + (PDZK1(1/7)) + (PIAS1(1/8)) + (PLA2G2A(1/6)) + (SLC2A4RG(1/8)) + (SP100(2/19)) + (TCF7(1/24)) + (TGIF1(1/23)) + (TP53AIP1(1/6)) + (TUBB4B(1/2)),42,LGG,852,5,3,N,2,44,44,1,2,1,Meaningful Risky,0,4,0,Apoptosis,Transcript,TSM,Underexpression,0.010380713,Validated (>0.005),5.449731356,Validated (>0.005),0.01792685,Validated (>0.005),0.265962246,Validated (>0.005),4
LIHC-1064.5.3.P.3.42.63.2.4.5,Transcript,4,"LIHC_DFI_df160, LIHC_DSS_df160, LIHC_OS_df160, LIHC_PFI_df160",4,"Boruta, XGBoost, RSF, MTLR",LIHC-1064.5.3.P.3.42.63.2.4.5,ENST00000389805,(SQSTM1(1/16)),1,LIHC,1064,5,3,P,3,42,63,2,4,5,Risky,0,3,1,Apoptosis/Autophagy/Ferroptosis/Parthanatos/Autosis,Transcript,TSM,Overexpression,0.00702059,Validated (>0.005),23.6872293,Validated (>0.005),0.015883993,Validated (>0.005),0.230636499,Validated (>0.005),4
LIHC-272.5.3.N.3.26.26.3.4.1,Transcript,4,"LIHC_DFI_df160, LIHC_DSS_df160, LIHC_OS_df160, LIHC_PFI_df160",4,"Boruta, XGBoost, RSF, MTLR",LIHC-272.5.3.N.3.26.26.3.4.1,(ENST00000219235 + ENST00000368046 + ENST00000358647 + ENST00000418931 + ENST00000395388 + ENST00000394652 + ENST00000550948),(CCL22(1/1)) + (CD48(1/3)) + (GIMAP5(1/7)) + (`HLA-DPB1`(1/11)) + (`HLA-DRA`(1/2)) + (IL16(1/15)) + (SELPLG(1/3)),7,LIHC,272,5,3,N,3,26,26,3,4,1,Protective,2,0,2,Apoptosis,Transcript,TSM,Overexpression,0.005849758,Validated (>0.005),20.32942411,Validated (>0.005),0.006661071,Validated (>0.005),0.082831284,Validated (>0.005),4
LUSC-669.5.3.N.2.44.44.1.4.1,Transcript,4,"LUSC_DFI_df147, LUSC_DSS_df147, LUSC_OS_df147, LUSC_PFI_df147",4,"Boruta, XGBoost, RSF, MTLR",LUSC-669.5.3.N.2.44.44.1.4.1,(ENST00000542450 + ENST00000515399 + ENST00000245787 + ENST00000252485 + ENST00000495509 + ENST00000580497 + ENST00000358598 + ENST00000376447 + ENST00000471324 + ENST00000530607 + ENST00000612509 + ENST00000383791 + ENST00000493709),(CADM1(1/21)) + (CTBP1(1/22)) + (INSIG2(1/7)) + (NECTIN2(1/6)) + (PHF1(1/11)) + (PMP22(1/31)) + (PRKAR1A(1/25)) + (RASEF(1/2)) + (RGS3(1/31)) + (RPS6KA1(1/20)) + (SEMA3B(1/15)) + (SH3BP5(1/9)) + (SORBS2(1/73)),13,LUSC,669,5,3,N,2,44,44,1,4,1,Meaningful Risky,0,4,0,Apoptosis,Transcript,TSM,Underexpression,0.007887874,Validated (>0.005),12.25070081,Validated (>0.005),0.010851533,Validated (>0.005),0.127198542,Validated (>0.005),4
OV-181.5.3.N.3.1.31.2.4.1,Transcript,4,"OV_DFI_df377, OV_DSS_df377, OV_OS_df377, OV_PFI_df377",4,"XGBoost, RSF, Boruta, MTLR",OV-181.5.3.N.3.1.31.2.4.1,ENST00000256951,(EMP1(1/12)),1,OV,181,5,3,N,3,1,31,2,4,1,Risky,0,1,3,Ferroptosis,Transcript,TSM,Overexpression,0.008121384,Validated (>0.005),28.27199087,Validated (>0.005),0.034741855,Validated (>0.005),0.134461942,Validated (>0.005),4
PAAD-1084.5.2.N.3.44.43.3.4.4,Transcript,4,"PAAD_DFI_df377, PAAD_DSS_df377, PAAD_OS_df377, PAAD_PFI_df377",4,"XGBoost, Boruta, RSF, MTLR",PAAD-1084.5.2.N.3.44.43.3.4.4,ENST00000419140,(PHB1(1/16)),1,PAAD,1084,5,2,N,3,44,43,3,4,4,Meaningful Risky,0,4,0,Anoikis/Apoptosis/Autophagy/Cellular senescence,Transcript,MSI,Overexpression,0.006931915,Validated (>0.005),10.57689641,Validated (>0.005),0.010582421,Validated (>0.005),0.182558732,Validated (>0.005),4
PAAD-1245.5.3.N.2.26.9.2.4.3,Transcript,4,"PAAD_DFI_df377, PAAD_DSS_df377, PAAD_OS_df377, PAAD_PFI_df377",4,"RSF, XGBoost, Boruta, MTLR",PAAD-1245.5.3.N.2.26.9.2.4.3,ENST00000626200,(SNHG14(1/142)),1,PAAD,1245,5,3,N,2,26,9,2,4,3,Protective,2,0,2,Apoptosis/Autophagy/Ferroptosis,Transcript,TSM,Underexpression,0.01072931,Validated (>0.005),11.45602341,Validated (>0.005),0.010240779,Validated (>0.005),0.137469879,Validated (>0.005),4
PAAD-302.5.3.N.3.44.14.3.4.4,Transcript,4,"PAAD_DFI_df377, PAAD_DSS_df377, PAAD_OS_df377, PAAD_PFI_df377",4,"Boruta, XGBoost, RSF, MTLR",PAAD-302.5.3.N.3.44.14.3.4.4,(ENST00000301178 + ENST00000359092),(AXL(2/5)),2,PAAD,302,5,3,N,3,44,14,3,4,4,Meaningful Risky,0,4,0,Apoptosis/Efferocytosis/Necroptosis/Necrosis,Transcript,TSM,Overexpression,0.013599072,Validated (>0.005),2.05294003,Validated (>0.005),0.011816788,Validated (>0.005),0.095926682,Validated (>0.005),4
SARC-103.5.3.N.1.26.26.2.4.1,Transcript,4,"SARC_DFI_df305, SARC_DSS_df305, SARC_OS_df305, SARC_PFI_df305",4,"XGBoost, Boruta, MTLR, RSF",SARC-103.5.3.N.1.26.26.2.4.1,(ENST00000556154 + ENST00000249373 + ENST00000566034),(FBLN5(1/16)) + (SMO(1/5)) + (SOX8(1/6)),3,SARC,103,5,3,N,1,26,26,2,4,1,Protective,2,0,2,Apoptosis,Transcript,TSM,Unchanged,0.006161595,Validated (>0.005),8.587533552,Validated (>0.005),0.010833485,Validated (>0.005),0.040493886,Validated (>0.005),4
SARC-234.5.3.N.1.71.64.3.4.1,Transcript,4,"SARC_DFI_df305, SARC_DSS_df305, SARC_OS_df305, SARC_PFI_df305",4,"Boruta, XGBoost, RSF, MTLR",SARC-234.5.3.N.1.71.64.3.4.1,ENST00000272233,(RHOB(1/1)),1,SARC,234,5,3,N,1,71,64,3,4,1,Protective,3,0,1,Apoptosis,Transcript,TSM,Unchanged,0.00832588,Validated (>0.005),5.626498363,Validated (>0.005),0.005443789,Validated (>0.005),0.087588257,Validated (>0.005),4
SARC-248.5.3.P.1.35.31.2.4.2,Transcript,4,"SARC_DFI_df305, SARC_DSS_df305, SARC_OS_df305, SARC_PFI_df305",4,"XGBoost, RSF, Boruta, MTLR",SARC-248.5.3.P.1.35.31.2.4.2,ENST00000315091,(TARDBP(1/38)),1,SARC,248,5,3,P,1,35,31,2,4,2,Risky,0,3,1,Apoptosis/Autophagy,Transcript,TSM,Unchanged,0.009459389,Validated (>0.005),13.02702551,Validated (>0.005),0.012467892,Validated (>0.005),0.046809906,Validated (>0.005),4
SARC-289.5.3.P.1.64.64.4.4.1,Transcript,4,"SARC_DFI_df305, SARC_DSS_df305, SARC_OS_df305, SARC_PFI_df305",4,"XGBoost, RSF, Boruta, MTLR",SARC-289.5.3.P.1.64.64.4.4.1,ENST00000438747,(NSUN5(1/7)),1,SARC,289,5,3,P,1,64,64,4,4,1,Protective,2,0,2,Ferroptosis,Transcript,TSM,Unchanged,0.018886531,Validated (>0.005),9.951928046,Validated (>0.005),0.021182664,Validated (>0.005),0.119016301,Validated (>0.005),4
SARC-305.5.3.N.1.4.1.2.4.2,Transcript,4,"SARC_DFI_df305, SARC_DSS_df305, SARC_OS_df305, SARC_PFI_df305",4,"Boruta, XGBoost, RSF, MTLR",SARC-305.5.3.N.1.4.1.2.4.2,ENST00000504830,(ADAMTS12(1/6)),1,SARC,305,5,3,N,1,4,1,2,4,2,Risky,0,1,3,Apoptosis/Necrosis,Transcript,TSM,Unchanged,0.017414063,Validated (>0.005),11.62225099,Validated (>0.005),0.016935497,Validated (>0.005),0.041827854,Validated (>0.005),4
SARC-318.5.3.P.3.44.43.1.4.3,Transcript,4,"SARC_DFI_df305, SARC_DSS_df305, SARC_OS_df305, SARC_PFI_df305",4,"XGBoost, Boruta, RSF, MTLR",SARC-318.5.3.P.3.44.43.1.4.3,ENST00000541679,(RAN(1/12)),1,SARC,318,5,3,P,3,44,43,1,4,3,Meaningful Risky,0,4,0,Apoptosis/Autophagy/Cellular senescence,Transcript,TSM,Overexpression,0.016909343,Validated (>0.005),10.0556776,Validated (>0.005),0.016474078,Validated (>0.005),0.04896625,Validated (>0.005),4
SARC-75.5.3.N.1.20.20.3.4.2,Transcript,4,"SARC_DFI_df305, SARC_DSS_df305, SARC_OS_df305, SARC_PFI_df305",4,"XGBoost, Boruta, MTLR, RSF",SARC-75.5.3.N.1.20.20.3.4.2,(ENST00000379375 + ENST00000261233 + ENST00000474500),(EDN1(1/1)) + (IRAK3(1/3)) + (PTPRZ1(1/21)),3,SARC,75,5,3,N,1,20,20,3,4,2,Protective,1,0,3,Apoptosis/Necrosis,Transcript,TSM,Unchanged,0.007082813,Validated (>0.005),13.72164157,Validated (>0.005),0.015291433,Validated (>0.005),0.03370952,Validated (>0.005),4
SARC-83.5.3.N.1.26.20.3.4.1,Transcript,4,"SARC_DFI_df305, SARC_DSS_df305, SARC_OS_df305, SARC_PFI_df305",4,"Boruta, XGBoost, RSF, MTLR",SARC-83.5.3.N.1.26.20.3.4.1,(ENST00000453660 + ENST00000233809 + ENST00000583597 + ENST00000532295 + ENST00000379446 + ENST00000589228 + ENST00000417443 + ENST00000633367),(ABO(1/7)) + (IGFBP2(1/5)) + (MRC2(1/7)) + (MYCT1(1/3)) + (NEDD9(1/16)) + (PRKAR1A(1/25)) + (SMIM10L2A(1/1)) + (TMBIM4(1/12)),8,SARC,83,5,3,N,1,26,20,3,4,1,Protective,2,0,2,Apoptosis,Transcript,TSM,Unchanged,0.008483591,Validated (>0.005),6.630384346,Validated (>0.005),0.009271885,Validated (>0.005),0.120279224,Validated (>0.005),4
BLCA-1360.6.3.P.3.35.44.4.4.1,mRNA,4,"BLCA_DFI_df155, BLCA_DSS_df155, BLCA_OS_df155, BLCA_PFI_df155",4,"XGBoost, Boruta, MTLR, RSF",BLCA-1360.6.3.P.3.35.44.4.4.1,RAC3,RAC3,1,BLCA,1360,6,3,P,3,35,44,4,4,1,Risky,0,3,1,Autophagy,mRNA,TSM,Overexpression,0.007673975,Validated (>0.005),20.49374607,Validated (>0.005),0.011826321,Validated (>0.005),0.127313233,Validated (>0.005),4
BLCA-1415.6.3.P.3.69.69.2.4.2,mRNA,4,"BLCA_DFI_df155, BLCA_DSS_df155, BLCA_OS_df155, BLCA_PFI_df155",4,"XGBoost, Boruta, RSF, MTLR",BLCA-1415.6.3.P.3.69.69.2.4.2,SLC25A10,SLC25A10,1,BLCA,1415,6,3,P,3,69,69,2,4,2,Protective,2,0,2,Apoptosis/Ferroptosis,mRNA,TSM,Overexpression,0.010990939,Validated (>0.005),22.86678102,Validated (>0.005),0.01401472,Validated (>0.005),0.231913043,Validated (>0.005),4
BLCA-475.6.3.N.2.93.26.1.4.1,mRNA,4,"BLCA_DFI_df155, BLCA_DSS_df155, BLCA_OS_df155, BLCA_PFI_df155",4,"XGBoost, RSF, Boruta, MTLR",BLCA-475.6.3.N.2.93.26.1.4.1,(JUND + MS4A1 + NEDD9 + PHF1),(JUND + MS4A1 + NEDD9 + PHF1),4,BLCA,475,6,3,N,2,93,26,1,4,1,Protective,3,0,1,Apoptosis,mRNA,TSM,Underexpression,0.007954711,Validated (>0.005),22.87672429,Validated (>0.005),0.005793919,Validated (>0.005),0.077008508,Validated (>0.005),4
CESC-260.6.3.N.2.44.44.1.4.1,mRNA,4,"CESC_DFI_df017, CESC_DSS_df017, CESC_OS_df017, CESC_PFI_df017",4,"XGBoost, Boruta, MTLR, RSF",CESC-260.6.3.N.2.44.44.1.4.1,(FNDC3A + PMEPA1),(FNDC3A + PMEPA1),2,CESC,260,6,3,N,2,44,44,1,4,1,Meaningful Risky,0,4,0,Autophagy,mRNA,TSM,Underexpression,0.014061974,Validated (>0.005),16.51439834,Validated (>0.005),0.025303452,Validated (>0.005),0.461603898,Validated (>0.005),4
CESC-280.6.3.N.2.64.64.1.4.1,mRNA,4,"CESC_DFI_df017, CESC_DSS_df017, CESC_OS_df017, CESC_PFI_df017",4,"XGBoost, Boruta, RSF, MTLR",CESC-280.6.3.N.2.64.64.1.4.1,(IL3RA + KCNA5 + KCNMA1 + NME5 + PCP4),(IL3RA + KCNA5 + KCNMA1 + NME5 + PCP4),5,CESC,280,6,3,N,2,64,64,1,4,1,Protective,2,0,2,Apoptosis,mRNA,TSM,Underexpression,0.007919163,Validated (>0.005),10.89334411,Validated (>0.005),0.011198429,Validated (>0.005),0.053200624,Validated (>0.005),4
CESC-877.6.3.N.2.71.71.1.4.2,mRNA,4,"CESC_DFI_df017, CESC_DSS_df017, CESC_OS_df017, CESC_PFI_df017",4,"XGBoost, RSF, Boruta, MTLR",CESC-877.6.3.N.2.71.71.1.4.2,SELP,SELP,1,CESC,877,6,3,N,2,71,71,1,4,2,Protective,3,0,1,NETosis/Necrosis,mRNA,TSM,Underexpression,0.013997946,Validated (>0.005),14.74462789,Validated (>0.005),0.019134564,Validated (>0.005),0.200079353,Validated (>0.005),4
ESCA-284.6.3.P.3.1.1.4.4.5,mRNA,4,"ESCA_DFI_df017, ESCA_DSS_df017, ESCA_OS_df017, ESCA_PFI_df017",4,"XGBoost, Boruta, RSF, MTLR",ESCA-284.6.3.P.3.1.1.4.4.5,AIFM1,AIFM1,1,ESCA,284,6,3,P,3,1,1,4,4,5,Risky,0,1,3,Apoptosis/Autophagy/Parthanatos/Necrosis/Erebosis,mRNA,TSM,Overexpression,0.013270755,Validated (>0.005),11.68696424,Validated (>0.005),0.015204117,Validated (>0.005),0.074596183,Validated (>0.005),4
ESCA-697.6.3.N.2.44.34.2.4.1,mRNA,4,"ESCA_DFI_df017, ESCA_DSS_df017, ESCA_OS_df017, ESCA_PFI_df017",4,"XGBoost, Boruta, RSF, MTLR",ESCA-697.6.3.N.2.44.34.2.4.1,RGS4,RGS4,1,ESCA,697,6,3,N,2,44,34,2,4,1,Meaningful Risky,0,4,0,Apoptosis,mRNA,TSM,Underexpression,0.016092378,Validated (>0.005),8.825253437,Validated (>0.005),0.0219265,Validated (>0.005),0.443569637,Validated (>0.005),4
HNSC-134.6.3.N.3.11.20.3.2.1,mRNA,4,"HNSC_DFI_df017, HNSC_DSS_df017, HNSC_OS_df017, HNSC_PFI_df017",4,"Boruta, XGBoost, RSF, MTLR",HNSC-134.6.3.N.3.11.20.3.2.1,(CCR3 + CD81 + MLLT11 + NES + PMP22 + PTPRO + RGS4),(CCR3 + CD81 + MLLT11 + NES + PMP22 + PTPRO + RGS4),7,HNSC,134,6,3,N,3,11,20,3,2,1,Risky,0,1,3,Apoptosis,mRNA,TSM,Overexpression,0.012050624,Validated (>0.005),6.736464015,Validated (>0.005),0.0102702,Validated (>0.005),0.12529085,Validated (>0.005),4
HNSC-1691.6.3.N.1.71.64.3.4.5,mRNA,4,"HNSC_DFI_df017, HNSC_DSS_df017, HNSC_OS_df017, HNSC_PFI_df017",4,"XGBoost, Boruta, RSF, MTLR",HNSC-1691.6.3.N.1.71.64.3.4.5,S100A4,S100A4,1,HNSC,1691,6,3,N,1,71,64,3,4,5,Protective,3,0,1,Anoikis/Apoptosis/Autophagy/Ferroptosis/Pyroptosis,mRNA,TSM,Unchanged,0.006417122,Validated (>0.005),26.96637455,Validated (>0.005),0.009372332,Validated (>0.005),0.075367516,Validated (>0.005),4
KIRC-137.6.3.N.3.14.54.4.4.1,mRNA,4,"KIRC_DFI_df161, KIRC_DSS_df161, KIRC_OS_df161, KIRC_PFI_df161",4,"Boruta, XGBoost, RSF, MTLR",KIRC-137.6.3.N.3.14.54.4.4.1,(CD151 + FABP7),(CD151 + FABP7),2,KIRC,137,6,3,N,3,14,54,4,4,1,Risky,0,2,2,Apoptosis,mRNA,TSM,Overexpression,0.009603227,Validated (>0.005),8.416913902,Validated (>0.005),0.020445708,Validated (>0.005),0.203076865,Validated (>0.005),4
KIRC-154.6.3.N.3.11.11.3.4.1,mRNA,4,"KIRC_DFI_df161, KIRC_DSS_df161, KIRC_OS_df161, KIRC_PFI_df161",4,"Boruta, XGBoost, RSF, MTLR",KIRC-154.6.3.N.3.11.11.3.4.1,(CHST15 + LPCAT1 + PDLIM1 + RNF128 + XRCC1),(CHST15 + LPCAT1 + PDLIM1 + RNF128 + XRCC1),5,KIRC,154,6,3,N,3,11,11,3,4,1,Risky,0,1,3,Apoptosis,mRNA,TSM,Overexpression,0.010194565,Validated (>0.005),2.231000531,Validated (>0.005),0.074346062,Validated (>0.005),0.316174351,Validated (>0.005),4
KIRC-2017.6.1.P.3.35.35.2.2.6,mRNA,4,"KIRC_DFI_df161, KIRC_DSS_df161, KIRC_OS_df161, KIRC_PFI_df161",4,"XGBoost, Boruta, RSF, MTLR",KIRC-2017.6.1.P.3.35.35.2.2.6,PLK1,PLK1,1,KIRC,2017,6,1,P,3,35,35,2,2,6,Risky,0,3,1,Anoikis/Apoptosis/Autophagy/Cellular senescence/Mitotic catastrophe/Necroptosis,mRNA,TMB,Overexpression,0.00843366,Validated (>0.005),19.18098469,Validated (>0.005),0.011184616,Validated (>0.005),0.062653008,Validated (>0.005),4
KIRP-100.6.3.N.1.44.38.3.4.1,mRNA,4,"KIRP_DFI_df377, KIRP_DSS_df377, KIRP_OS_df377, KIRP_PFI_df377",4,"XGBoost, Boruta, RSF, MTLR",KIRP-100.6.3.N.1.44.38.3.4.1,(COL6A1 + S1PR2),(COL6A1 + S1PR2),2,KIRP,100,6,3,N,1,44,38,3,4,1,Meaningful Risky,0,4,0,Autophagy,mRNA,TSM,Unchanged,0.020538864,Validated (>0.005),4.497529643,Validated (>0.005),0.019180224,Validated (>0.005),0.049119461,Validated (>0.005),4
KIRP-130.6.3.N.2.44.47.1.2.2,mRNA,4,"KIRP_DFI_df377, KIRP_DSS_df377, KIRP_OS_df377, KIRP_PFI_df377",4,"XGBoost, Boruta, RSF, MTLR",KIRP-130.6.3.N.2.44.47.1.2.2,(ELN + LEF1),(ELN + LEF1),2,KIRP,130,6,3,N,2,44,47,1,2,2,Meaningful Risky,0,4,0,Apoptosis/Cellular senescence,mRNA,TSM,Underexpression,0.016312512,Validated (>0.005),3.518201832,Validated (>0.005),0.013832438,Validated (>0.005),0.037971495,Validated (>0.005),4
KIRP-342.6.3.N.3.71.65.2.3.1,mRNA,4,"KIRP_DFI_df377, KIRP_DSS_df377, KIRP_OS_df377, KIRP_PFI_df377",4,"XGBoost, Boruta, RSF, MTLR",KIRP-342.6.3.N.3.71.65.2.3.1,(EPHA1 + SNPH),(EPHA1 + SNPH),2,KIRP,342,6,3,N,3,71,65,2,3,1,Protective,3,0,1,Autophagy,mRNA,TSM,Overexpression,0.009036734,Validated (>0.005),2.436260683,Validated (>0.005),0.011124941,Validated (>0.005),0.040820482,Validated (>0.005),4
KIRP-405.6.3.N.2.95.84.2.4.1,mRNA,4,"KIRP_DFI_df377, KIRP_DSS_df377, KIRP_OS_df377, KIRP_PFI_df377",4,"Boruta, XGBoost, MTLR, RSF",KIRP-405.6.3.N.2.95.84.2.4.1,(MT1E + RPS6KA2 + SFTPD + VAMP2 + ZBTB16),(MT1E + RPS6KA2 + SFTPD + VAMP2 + ZBTB16),5,KIRP,405,6,3,N,2,95,84,2,4,1,Meaningful Protective,4,0,0,Apoptosis,mRNA,TSM,Underexpression,0.00924231,Validated (>0.005),3.033432119,Validated (>0.005),0.023685522,Validated (>0.005),0.059344604,Validated (>0.005),4
KIRP-493.6.3.P.3.44.58.1.2.3,mRNA,4,"KIRP_DFI_df377, KIRP_DSS_df377, KIRP_OS_df377, KIRP_PFI_df377",4,"XGBoost, RSF, Boruta, MTLR",KIRP-493.6.3.P.3.44.58.1.2.3,CCNB1,CCNB1,1,KIRP,493,6,3,P,3,44,58,1,2,3,Meaningful Risky,0,4,0,Apoptosis/Cellular senescence/Mitotic catastrophe,mRNA,TSM,Overexpression,0.016346133,Validated (>0.005),3.201801243,Validated (>0.005),0.044878837,Validated (>0.005),0.034101209,Validated (>0.005),4
KIRP-524.6.3.N.1.44.44.3.4.3,mRNA,4,"KIRP_DFI_df377, KIRP_DSS_df377, KIRP_OS_df377, KIRP_PFI_df377",4,"XGBoost, RSF, Boruta, MTLR",KIRP-524.6.3.N.1.44.44.3.4.3,COL1A1,COL1A1,1,KIRP,524,6,3,N,1,44,44,3,4,3,Meaningful Risky,0,4,0,Apoptosis/Autophagy/Necrosis,mRNA,TSM,Unchanged,0.011462578,Validated (>0.005),1.513260765,Validated (>0.005),0.018860424,Validated (>0.005),0.018330028,Validated (>0.005),4
KIRP-89.6.3.P.3.44.56.2.2.1,mRNA,4,"KIRP_DFI_df377, KIRP_DSS_df377, KIRP_OS_df377, KIRP_PFI_df377",4,"Boruta, XGBoost, RSF, MTLR",KIRP-89.6.3.P.3.44.56.2.2.1,(CDKN3 + HSPE1 + NEIL3 + NME1 + SPC24),(CDKN3 + HSPE1 + NEIL3 + NME1 + SPC24),5,KIRP,89,6,3,P,3,44,56,2,2,1,Meaningful Risky,0,4,0,Apoptosis,mRNA,TSM,Overexpression,0.033320617,Validated (>0.005),4.958053953,Validated (>0.005),0.039879676,Validated (>0.005),0.062298187,Validated (>0.005),4
KIRP-898.6.3.N.3.44.58.3.4.2,mRNA,4,"KIRP_DFI_df377, KIRP_DSS_df377, KIRP_OS_df377, KIRP_PFI_df377",4,"Boruta, MTLR, XGBoost, RSF",KIRP-898.6.3.N.3.44.58.3.4.2,FAP,FAP,1,KIRP,898,6,3,N,3,44,58,3,4,2,Meaningful Risky,0,4,0,Apoptosis/Autophagy,mRNA,TSM,Overexpression,0.016408647,Validated (>0.005),4.434841262,Validated (>0.005),0.044478904,Validated (>0.005),0.069726097,Validated (>0.005),4
KIRP-947.6.3.P.3.44.43.4.4.3,mRNA,4,"KIRP_DFI_df377, KIRP_DSS_df377, KIRP_OS_df377, KIRP_PFI_df377",4,"Boruta, XGBoost, RSF, MTLR",KIRP-947.6.3.P.3.44.43.4.4.3,HSPA4,HSPA4,1,KIRP,947,6,3,P,3,44,43,4,4,3,Meaningful Risky,0,4,0,Apoptosis/Necroptosis/Necrosis,mRNA,TSM,Overexpression,0.025281406,Validated (>0.005),3.441225802,Validated (>0.005),0.005303975,Validated (>0.005),0.067953286,Validated (>0.005),4
LIHC-199.6.3.P.3.44.80.1.4.2,mRNA,4,"LIHC_DFI_df160, LIHC_DSS_df160, LIHC_OS_df160, LIHC_PFI_df160",4,"XGBoost, RSF, Boruta, MTLR",LIHC-199.6.3.P.3.44.80.1.4.2,(CISD1 + SPC25),(CISD1 + SPC25),2,LIHC,199,6,3,P,3,44,80,1,4,2,Meaningful Risky,0,4,0,Autophagy/Ferroptosis,mRNA,TSM,Overexpression,0.012230821,Validated (>0.005),21.28616125,Validated (>0.005),0.021832708,Validated (>0.005),0.348489886,Validated (>0.005),4
LUSC-798.6.3.P.3.64.64.2.4.2,mRNA,4,"LUSC_DFI_df147, LUSC_DSS_df147, LUSC_OS_df147, LUSC_PFI_df147",4,"Boruta, XGBoost, RSF, MTLR",LUSC-798.6.3.P.3.64.64.2.4.2,(GALNT14 + GLS2),(GALNT14 + GLS2),2,LUSC,798,6,3,P,3,64,64,2,4,2,Protective,2,0,2,Apoptosis/Ferroptosis,mRNA,TSM,Overexpression,0.011937694,Validated (>0.005),18.45993364,Validated (>0.005),0.00764201,Validated (>0.005),0.053415038,Validated (>0.005),4
OV-341.6.3.N.2.7.7.2.4.2,mRNA,4,"OV_DFI_df377, OV_DSS_df377, OV_OS_df377, OV_PFI_df377",4,"XGBoost, RSF, MTLR, Boruta",OV-341.6.3.N.2.7.7.2.4.2,PTHLH,PTHLH,1,OV,341,6,3,N,2,7,7,2,4,2,Protective,1,0,3,Anoikis/Apoptosis,mRNA,TSM,Underexpression,0.009853474,Validated (>0.005),28.88707204,Validated (>0.005),0.036743526,Validated (>0.005),0.121992925,Validated (>0.005),4
OV-359.6.3.N.3.31.31.3.4.1,mRNA,4,"OV_DFI_df377, OV_DSS_df377, OV_OS_df377, OV_PFI_df377",4,"XGBoost, Boruta, RSF, MTLR",OV-359.6.3.N.3.31.31.3.4.1,UNC5B,UNC5B,1,OV,359,6,3,N,3,31,31,3,4,1,Risky,0,2,2,Apoptosis,mRNA,TSM,Overexpression,0.010188517,Validated (>0.005),24.52012699,Validated (>0.005),0.024572219,Validated (>0.005),0.054663176,Validated (>0.005),4
PAAD-1319.6.2.N.3.44.31.4.4.1,mRNA,4,"PAAD_DFI_df377, PAAD_DSS_df377, PAAD_OS_df377, PAAD_PFI_df377",4,"Boruta, XGBoost, MTLR, RSF",PAAD-1319.6.2.N.3.44.31.4.4.1,GJB5,GJB5,1,PAAD,1319,6,2,N,3,44,31,4,4,1,Meaningful Risky,0,4,0,Autophagy,mRNA,MSI,Overexpression,0.016896893,Validated (>0.005),8.63030048,Validated (>0.005),0.02302979,Validated (>0.005),0.183119384,Validated (>0.005),4
PAAD-163.6.2.N.3.44.44.4.4.2,mRNA,4,"PAAD_DFI_df377, PAAD_DSS_df377, PAAD_OS_df377, PAAD_PFI_df377",4,"Boruta, XGBoost, RSF, MTLR",PAAD-163.6.2.N.3.44.44.4.4.2,(CAPG + HECW1 + NOTCH2 + REST + STEAP3),(CAPG + HECW1 + NOTCH2 + REST + STEAP3),5,PAAD,163,6,2,N,3,44,44,4,4,2,Meaningful Risky,0,4,0,Apoptosis/Ferroptosis,mRNA,MSI,Overexpression,0.008679716,Validated (>0.005),1.83972793,Validated (>0.005),0.01156934,Validated (>0.005),0.088432005,Validated (>0.005),4
PAAD-1826.6.3.N.3.44.41.4.4.4,mRNA,4,"PAAD_DFI_df377, PAAD_DSS_df377, PAAD_OS_df377, PAAD_PFI_df377",4,"Boruta, XGBoost, RSF, MTLR",PAAD-1826.6.3.N.3.44.41.4.4.4,WNT5A,WNT5A,1,PAAD,1826,6,3,N,3,44,41,4,4,4,Meaningful Risky,0,4,0,Apoptosis/Autophagy/Cellular senescence/Necrosis,mRNA,TSM,Overexpression,0.02647989,Validated (>0.005),2.465069982,Validated (>0.005),0.024929488,Validated (>0.005),0.121334073,Validated (>0.005),4
PAAD-1827.6.2.N.3.44.44.4.4.2,mRNA,4,"PAAD_DFI_df377, PAAD_DSS_df377, PAAD_OS_df377, PAAD_PFI_df377",4,"Boruta, XGBoost, RSF, MTLR",PAAD-1827.6.2.N.3.44.44.4.4.2,WNT7A,WNT7A,1,PAAD,1827,6,2,N,3,44,44,4,4,2,Meaningful Risky,0,4,0,Apoptosis/Cellular senescence,mRNA,MSI,Overexpression,0.019435032,Validated (>0.005),3.027050789,Validated (>0.005),0.027080599,Validated (>0.005),0.141979752,Validated (>0.005),4
PAAD-37.6.3.N.3.41.44.3.4.2,mRNA,4,"PAAD_DFI_df377, PAAD_DSS_df377, PAAD_OS_df377, PAAD_PFI_df377",4,"Boruta, XGBoost, RSF, MTLR",PAAD-37.6.3.N.3.41.44.3.4.2,(ACVR1 + TIMP3),(ACVR1 + TIMP3),2,PAAD,37,6,3,N,3,41,44,3,4,2,Risky,0,2,2,Apoptosis/Necrosis,mRNA,TSM,Overexpression,0.018962609,Validated (>0.005),1.760243778,Validated (>0.005),0.029611748,Validated (>0.005),0.085250477,Validated (>0.005),4
PAAD-552.6.3.N.3.44.44.3.4.4,mRNA,4,"PAAD_DFI_df377, PAAD_DSS_df377, PAAD_OS_df377, PAAD_PFI_df377",4,"Boruta, XGBoost, RSF, MTLR",PAAD-552.6.3.N.3.44.44.3.4.4,(LGALS1 + SNAI2),(LGALS1 + SNAI2),2,PAAD,552,6,3,N,3,44,44,3,4,4,Meaningful Risky,0,4,0,Anoikis/Apoptosis/Autophagy/Ferroptosis,mRNA,TSM,Overexpression,0.010471318,Validated (>0.005),2.002601468,Validated (>0.005),0.027528287,Validated (>0.005),0.08664557,Validated (>0.005),4
SARC-134.6.3.P.1.35.35.1.4.1,mRNA,4,"SARC_DFI_df305, SARC_DSS_df305, SARC_OS_df305, SARC_PFI_df305",4,"XGBoost, RSF, Boruta, MTLR",SARC-134.6.3.P.1.35.35.1.4.1,(MCTS1 + RUVBL1 + UQCRH),(MCTS1 + RUVBL1 + UQCRH),3,SARC,134,6,3,P,1,35,35,1,4,1,Risky,0,3,1,Apoptosis,mRNA,TSM,Unchanged,0.008715639,Validated (>0.005),8.19992243,Validated (>0.005),0.01069427,Validated (>0.005),0.062050697,Validated (>0.005),4
SARC-361.6.3.N.1.64.64.2.4.3,mRNA,4,"SARC_DFI_df305, SARC_DSS_df305, SARC_OS_df305, SARC_PFI_df305",4,"XGBoost, Boruta, RSF, MTLR",SARC-361.6.3.N.1.64.64.2.4.3,IGFBP7,IGFBP7,1,SARC,361,6,3,N,1,64,64,2,4,3,Protective,2,0,2,Apoptosis/Cellular senescence/Ferroptosis,mRNA,TSM,Unchanged,0.014241141,Validated (>0.005),11.25659554,Validated (>0.005),0.008294412,Validated (>0.005),0.062363472,Validated (>0.005),4
SARC-376.6.3.N.1.1.31.4.4.2,mRNA,4,"SARC_DFI_df305, SARC_DSS_df305, SARC_OS_df305, SARC_PFI_df305",4,"Boruta, XGBoost, RSF, MTLR",SARC-376.6.3.N.1.1.31.4.4.2,MAGED2,MAGED2,1,SARC,376,6,3,N,1,1,31,4,4,2,Risky,0,1,3,Apoptosis/Autophagy,mRNA,TSM,Unchanged,0.009682405,Validated (>0.005),7.169879907,Validated (>0.005),0.016234195,Validated (>0.005),0.053904677,Validated (>0.005),4
SARC-42.6.3.N.1.20.20.3.4.1,mRNA,4,"SARC_DFI_df305, SARC_DSS_df305, SARC_OS_df305, SARC_PFI_df305",4,"Boruta, XGBoost, RSF, MTLR",SARC-42.6.3.N.1.20.20.3.4.1,(COLEC12 + FHDC1 + NDN + SMIM10L2A),(COLEC12 + FHDC1 + NDN + SMIM10L2A),4,SARC,42,6,3,N,1,20,20,3,4,1,Protective,1,0,3,Apoptosis,mRNA,TSM,Unchanged,0.006495798,Validated (>0.005),6.571137832,Validated (>0.005),0.012678455,Validated (>0.005),0.078881084,Validated (>0.005),4
SARC-422.6.3.N.1.4.1.3.4.3,mRNA,4,"SARC_DFI_df305, SARC_DSS_df305, SARC_OS_df305, SARC_PFI_df305",4,"Boruta, XGBoost, RSF, MTLR",SARC-422.6.3.N.1.4.1.3.4.3,POSTN,POSTN,1,SARC,422,6,3,N,1,4,1,3,4,3,Risky,0,1,3,Apoptosis/Autophagy/Necrosis,mRNA,TSM,Unchanged,0.009758621,Validated (>0.005),10.20082218,Validated (>0.005),0.006607001,Validated (>0.005),0.041147677,Validated (>0.005),4
SARC-431.6.3.P.3.44.44.1.4.3,mRNA,4,"SARC_DFI_df305, SARC_DSS_df305, SARC_OS_df305, SARC_PFI_df305",4,"XGBoost, RSF, Boruta, MTLR",SARC-431.6.3.P.3.44.44.1.4.3,RAN,RAN,1,SARC,431,6,3,P,3,44,44,1,4,3,Meaningful Risky,0,4,0,Apoptosis/Autophagy/Cellular senescence,mRNA,TSM,Overexpression,0.007590155,Validated (>0.005),7.109173509,Validated (>0.005),0.007682918,Validated (>0.005),0.040990213,Validated (>0.005),4
ESCA-275.4.3.P.3.35.35.4.4.1,microRNA,4,"ESCA_DFI_df017, ESCA_DSS_df017, ESCA_OS_df017, ESCA_PFI_df017",4,"XGBoost, Boruta, RSF, MTLR",ESCA-275.4.3.P.3.35.35.4.4.1,(`hsa-miR-421` + `hsa-miR-629-3p`),"MIR421(1/1), MIR629(1/1)",2,ESCA,275,4,3,P,3,35,35,4,4,1,Risky,0,3,1,Apoptosis,miRNA,TSM,Overexpression,0.016411953,Validated (>0.005),9.65241394,Validated (>0.005),0.017200837,Validated (>0.005),0.480933131,Validated (>0.005),4
ESCA-782.4.3.P.3.21.20.4.4.1,microRNA,4,"ESCA_DFI_df017, ESCA_DSS_df017, ESCA_OS_df017, ESCA_PFI_df017",4,"XGBoost, Boruta, RSF, MTLR",ESCA-782.4.3.P.3.21.20.4.4.1,hsa-miR-191-3p,MIR191(1/1),1,ESCA,782,4,3,P,3,21,20,4,4,1,Mixed,1,1,2,Apoptosis,miRNA,TSM,Overexpression,0.015840943,Validated (>0.005),10.61042015,Validated (>0.005),0.016745125,Validated (>0.005),0.087619451,Validated (>0.005),4
ESCA-801.4.3.P.3.51.30.4.4.1,microRNA,4,"ESCA_DFI_df017, ESCA_DSS_df017, ESCA_OS_df017, ESCA_PFI_df017",4,"Boruta, XGBoost, RSF, MTLR",ESCA-801.4.3.P.3.51.30.4.4.1,hsa-miR-629-5p,MIR629(1/1),1,ESCA,801,4,3,P,3,51,30,4,4,1,Mixed,1,1,2,Apoptosis,miRNA,TSM,Overexpression,0.018091257,Validated (>0.005),9.454656645,Validated (>0.005),0.025089125,Validated (>0.005),0.597016593,Validated (>0.005),4
HNSC-1870.4.3.N.2.44.66.2.4.4,microRNA,4,"HNSC_DFI_df017, HNSC_DSS_df017, HNSC_OS_df017, HNSC_PFI_df017",4,"Boruta, XGBoost, RSF, MTLR",HNSC-1870.4.3.N.2.44.66.2.4.4,hsa-miR-206,MIR206(1/1),1,HNSC,1870,4,3,N,2,44,66,2,4,4,Meaningful Risky,0,4,0,Apoptosis/Autophagy/Pyroptosis/Necrosis,miRNA,TSM,Underexpression,0.010241058,Validated (>0.005),6.868333803,Validated (>0.005),0.012691413,Validated (>0.005),0.07505573,Validated (>0.005),4
SARC-141.4.3.P.0.44.35.1.4.3,microRNA,4,"SARC_DFI_df305, SARC_DSS_df305, SARC_OS_df305, SARC_PFI_df305",4,"XGBoost, RSF, Boruta, MTLR",SARC-141.4.3.P.0.44.35.1.4.3,(`hsa-miR-17-5p` + `hsa-miR-93-5p`),"MIR17HG(1/1), MIR93(1/1)",2,SARC,141,4,3,P,0,44,35,1,4,3,Meaningful Risky,0,4,0,Apoptosis/Autophagy/Ferroptosis,miRNA,TSM,No_data,0.006758182,Validated (>0.005),8.430346129,Validated (>0.005),0.010739361,Validated (>0.005),0.058049442,Validated (>0.005),4
SARC-493.4.3.P.0.44.35.1.4.3,microRNA,4,"SARC_DFI_df305, SARC_DSS_df305, SARC_OS_df305, SARC_PFI_df305",4,"XGBoost, RSF, Boruta, MTLR",SARC-493.4.3.P.0.44.35.1.4.3,hsa-miR-17-5p,MIR17HG(1/1),1,SARC,493,4,3,P,0,44,35,1,4,3,Meaningful Risky,0,4,0,Apoptosis/Autophagy/Cellular senescence,miRNA,TSM,No_data,0.010430511,Validated (>0.005),7.432533596,Validated (>0.005),0.009929654,Validated (>0.005),0.057225791,Validated (>0.005),4
ACC-141.7.1.P.2.14.35.4.4.2,CpG Methylation,3,"ACC_DSS_df377, ACC_OS_df377, ACC_PFI_df377",4,"Boruta, XGBoost, RSF, MTLR",ACC-141.7.1.P.2.14.35.4.4.2,SERPINB1,SERPINB1,1,ACC,141,7,1,P,2,14,35,4,4,2,Risky,0,2,2,Apoptosis/NETosis,Methylation,TMB,Underexpression,0.03387164,Validated (>0.005),4.304129512,Validated (>0.005),0.217179299,Validated (>0.005),0.075719562,Validated (>0.005),4
UCEC-553.7.3.P.3.95.5.4.4.1,CpG Methylation,3,"UCEC_DSS_df377, UCEC_OS_df377, UCEC_PFI_df377",4,"Boruta, XGBoost, RSF, MTLR",UCEC-553.7.3.P.3.95.5.4.4.1,CDX2,CDX2,1,UCEC,553,7,3,P,3,95,5,4,4,1,Meaningful Protective,4,0,0,Apoptosis,Methylation,TSM,Overexpression,0.008965905,Validated (>0.005),5.031128145,Validated (>0.005),0.022570765,Validated (>0.005),0.405783145,Validated (>0.005),4
ACC-68.5.3.P.1.44.44.4.4.1,Transcript,3,"ACC_DSS_df377, ACC_OS_df377, ACC_PFI_df377",4,"XGBoost, RSF, Boruta, MTLR",ACC-68.5.3.P.1.44.44.4.4.1,ENST00000233893,(HSPE1(1/7)),1,ACC,68,5,3,P,1,44,44,4,4,1,Meaningful Risky,0,4,0,Apoptosis,Transcript,TSM,Unchanged,0.049198353,Validated (>0.005),4.050233884,Validated (>0.005),0.161249395,Validated (>0.005),0.111518513,Validated (>0.005),4
ACC-70.5.3.P.3.44.43.2.4.1,Transcript,3,"ACC_DSS_df377, ACC_OS_df377, ACC_PFI_df377",4,"XGBoost, RSF, Boruta, MTLR",ACC-70.5.3.P.3.44.43.2.4.1,ENST00000409468,(HSPE1(1/7)),1,ACC,70,5,3,P,3,44,43,2,4,1,Meaningful Risky,0,4,0,Apoptosis,Transcript,TSM,Overexpression,0.036487415,Validated (>0.005),4.017922458,Validated (>0.005),0.127856329,Validated (>0.005),0.115825248,Validated (>0.005),4
COAD-532.5.3.P.1.44.44.2.4.1,Transcript,3,"COAD_DSS_df368, COAD_OS_df368, COAD_PFI_df368",4,"Boruta, XGBoost, RSF, MTLR",COAD-532.5.3.P.1.44.44.2.4.1,(ENST00000582176 + ENST00000530666),(RUVBL1(1/8)) + (TALDO1(1/9)),2,COAD,532,5,3,P,1,44,44,2,4,1,Meaningful Risky,0,4,0,Apoptosis,Transcript,TSM,Unchanged,0.013005594,Validated (>0.005),9.358628893,Validated (>0.005),0.019088036,Validated (>0.005),0.017644948,Validated (>0.005),4
COAD-548.5.3.P.3.64.64.3.4.1,Transcript,3,"COAD_DSS_df368, COAD_OS_df368, COAD_PFI_df368",4,"XGBoost, RSF, Boruta, MTLR",COAD-548.5.3.P.3.64.64.3.4.1,(ENST00000615942 + ENST00000380668 + ENST00000373789 + ENST00000551402 + ENST00000323224),(DIAPH3(1/10)) + (PRPS2(1/5)) + (RTKN2(1/3)) + (TGIF1(1/23)) + (TYMS(1/6)),5,COAD,548,5,3,P,3,64,64,3,4,1,Protective,2,0,2,Apoptosis,Transcript,TSM,Overexpression,0.005618155,Validated (>0.005),14.55259837,Validated (>0.005),0.018439101,Validated (>0.005),0.033358797,Validated (>0.005),4
GBM-170.5.3.N.3.35.35.2.4.2,Transcript,3,"GBM_DSS_df017, GBM_OS_df017, GBM_PFI_df017",4,"XGBoost, Boruta, RSF, MTLR",GBM-170.5.3.N.3.35.35.2.4.2,(ENST00000271450 + ENST00000486608 + ENST00000467525),(FCGR2A(3/17)),3,GBM,170,5,3,N,3,35,35,2,4,2,Risky,0,3,1,NETosis/Necrosis,Transcript,TSM,Overexpression,0.005034061,Validated (>0.005),12.88759241,Validated (>0.005),0.023630604,Validated (>0.005),0.136377845,Validated (>0.005),4
GBM-261.5.3.N.3.35.35.2.4.2,Transcript,3,"GBM_DSS_df017, GBM_OS_df017, GBM_PFI_df017",4,"Boruta, XGBoost, RSF, MTLR",GBM-261.5.3.N.3.35.35.2.4.2,(ENST00000564194 + ENST00000567644 + ENST00000455586 + ENST00000565726),(`LOXL1-AS1`(2/16)) + (VSIG4(1/5)) + (ZDHHC1(1/6)),4,GBM,261,5,3,N,3,35,35,2,4,2,Risky,0,3,1,Apoptosis/Pyroptosis,Transcript,TSM,Overexpression,0.00895428,Validated (>0.005),12.53230283,Validated (>0.005),0.011111088,Validated (>0.005),0.459988424,Validated (>0.005),4
KIRC-1237.5.3.N.3.84.71.3.4.1,Transcript,3,"KIRC_DFI_df161, KIRC_OS_df161, KIRC_PFI_df161",4,"Boruta, XGBoost, RSF, MTLR",KIRC-1237.5.3.N.3.84.71.3.4.1,ENST00000381125,(PFKP(1/17)),1,KIRC,1237,5,3,N,3,84,71,3,4,1,Mixed,3,1,0,Autophagy,Transcript,TSM,Overexpression,0.028161788,Validated (>0.005),2.399097289,Validated (>0.005),0.05471741,Validated (>0.005),0.218261552,Validated (>0.005),4
KIRC-1528.5.3.N.3.43.14.3.4.3,Transcript,3,"KIRC_DSS_df161, KIRC_OS_df161, KIRC_PFI_df161",4,"XGBoost, Boruta, RSF, MTLR",KIRC-1528.5.3.N.3.43.14.3.4.3,ENST00000553716,(PGF(1/8)),1,KIRC,1528,5,3,N,3,43,14,3,4,3,Risky,0,3,1,Apoptosis/Autophagy/Pyroptosis,Transcript,TSM,Overexpression,0.010146534,Validated (>0.005),13.17964133,Validated (>0.005),0.010333969,Validated (>0.005),0.081895044,Validated (>0.005),4
LGG-718.5.3.N.3.44.35.2.4.1,Transcript,3,"LGG_DSS_df374, LGG_OS_df374, LGG_PFI_df374",4,"Boruta, XGBoost, RSF, MTLR",LGG-718.5.3.N.3.44.35.2.4.1,(ENST00000445609 + ENST00000243347),(NPHP1(1/22)) + (TNFAIP6(1/2)),2,LGG,718,5,3,N,3,44,35,2,4,1,Meaningful Risky,0,4,0,Necrosis,Transcript,TSM,Overexpression,0.006455749,Validated (>0.005),20.29930257,Validated (>0.005),0.028407063,Validated (>0.005),0.27078505,Validated (>0.005),4
MESO-33.5.3.N.0.31.35.2.4.1,Transcript,3,"MESO_DSS_df017, MESO_OS_df017, MESO_PFI_df017",4,"Boruta, XGBoost, RSF, MTLR",MESO-33.5.3.N.0.31.35.2.4.1,ENST00000304636,(COL3A1(1/7)),1,MESO,33,5,3,N,0,31,35,2,4,1,Risky,0,2,2,Apoptosis,Transcript,TSM,No_data,0.056455794,Validated (>0.005),5.425597653,Validated (>0.005),0.141843459,Validated (>0.005),0.548160314,Validated (>0.005),4
MESO-42.5.3.N.0.31.31.2.4.5,Transcript,3,"MESO_DSS_df017, MESO_OS_df017, MESO_PFI_df017",4,"XGBoost, RSF, Boruta, MTLR",MESO-42.5.3.N.0.31.31.2.4.5,ENST00000392951,(TAGLN(1/8)),1,MESO,42,5,3,N,0,31,31,2,4,5,Risky,0,2,2,Anoikis/Apoptosis/Autophagy/Cellular senescence/Ferroptosis,Transcript,TSM,No_data,0.015303671,Validated (>0.005),5.40281707,Validated (>0.005),0.109149897,Validated (>0.005),0.455583257,Validated (>0.005),4
MESO-47.5.3.N.0.31.32.2.4.4,Transcript,3,"MESO_DSS_df017, MESO_OS_df017, MESO_PFI_df017",4,"Boruta, XGBoost, RSF, MTLR",MESO-47.5.3.N.0.31.32.2.4.4,ENST00000460710,(PLA2R1(1/3)),1,MESO,47,5,3,N,0,31,32,2,4,4,Risky,0,2,2,Apoptosis/Autophagy/Cellular senescence/Pyroptosis,Transcript,TSM,No_data,0.0141186,Validated (>0.005),6.274824573,Validated (>0.005),0.176461247,Validated (>0.005),0.637968927,Validated (>0.005),4
MESO-52.5.3.N.0.31.31.2.4.3,Transcript,3,"MESO_DSS_df017, MESO_OS_df017, MESO_PFI_df017",4,"Boruta, XGBoost, RSF, MTLR",MESO-52.5.3.N.0.31.31.2.4.3,ENST00000497145,(POSTN(1/10)),1,MESO,52,5,3,N,0,31,31,2,4,3,Risky,0,2,2,Apoptosis/Autophagy/Necrosis,Transcript,TSM,No_data,0.037162869,Validated (>0.005),5.853768706,Validated (>0.005),0.130340782,Validated (>0.005),0.585670469,Validated (>0.005),4
MESO-53.5.3.N.0.35.1.2.4.1,Transcript,3,"MESO_DSS_df017, MESO_OS_df017, MESO_PFI_df017",4,"Boruta, XGBoost, RSF, MTLR",MESO-53.5.3.N.0.35.1.2.4.1,ENST00000507699,(PALLD(1/19)),1,MESO,53,5,3,N,0,35,1,2,4,1,Risky,0,3,1,Apoptosis,Transcript,TSM,No_data,0.026671314,Validated (>0.005),3.898096665,Validated (>0.005),0.098851674,Validated (>0.005),0.55622492,Validated (>0.005),4
SKCM-641.5.3.N.2.31.31.1.4.7,Transcript,3,"SKCM_DSS_df377, SKCM_OS_df377, SKCM_PFI_df377",4,"XGBoost, RSF, Boruta, MTLR",SKCM-641.5.3.N.2.31.31.1.4.7,ENST00000282561,(GJA1(1/4)),1,SKCM,641,5,3,N,2,31,31,1,4,7,Risky,0,2,2,Apoptosis/Autophagy/Ferroptosis/Mitochondrial permeability transition/Necroptosis/Pyroptosis/Necrosis,Transcript,TSM,Underexpression,0.006737282,Validated (>0.005),23.47871319,Validated (>0.005),0.007335057,Validated (>0.005),0.105823606,Validated (>0.005),4
THCA-1048.5.3.N.3.14.14.2.2.1,Transcript,3,"THCA_DFI_df377, THCA_OS_df377, THCA_PFI_df377",4,"Boruta, XGBoost, RSF, MTLR",THCA-1048.5.3.N.3.14.14.2.2.1,ENST00000361170,(IQGAP3(1/4)),1,THCA,1048,5,3,N,3,14,14,2,2,1,Risky,0,2,2,Apoptosis,Transcript,TSM,Overexpression,0.021735511,Validated (>0.005),12.76927538,Validated (>0.005),0.007754002,Validated (>0.005),0.094918003,Validated (>0.005),4
THCA-492.5.3.N.2.27.26.1.4.2,Transcript,3,"THCA_DFI_df377, THCA_OS_df377, THCA_PFI_df377",4,"Boruta, XGBoost, RSF, MTLR",THCA-492.5.3.N.2.27.26.1.4.2,(ENST00000524852 + ENST00000440480 + ENST00000471157 + ENST00000360938 + ENST00000317276 + ENST00000306503 + ENST00000378533),(CAVIN3(1/4)) + (CDKN1C(2/7)) + (ETS2(1/9)) + (PER1(1/19)) + (SOCS5(1/4)) + (SRPX(1/6)),7,THCA,492,5,3,N,2,27,26,1,4,2,Mixed,2,1,1,Apoptosis/Autophagy,Transcript,TSM,Underexpression,0.012544873,Validated (>0.005),10.55491065,Validated (>0.005),0.009151941,Validated (>0.005),0.095868393,Validated (>0.005),4
THCA-519.5.3.N.2.1.1.1.4.2,Transcript,3,"THCA_DFI_df377, THCA_OS_df377, THCA_PFI_df377",4,"XGBoost, Boruta, RSF, MTLR",THCA-519.5.3.N.2.1.1.1.4.2,(ENST00000543491 + ENST00000233202 + ENST00000475225),(PCDH7(1/13)) + (SLC11A1(2/19)),3,THCA,519,5,3,N,2,1,1,1,4,2,Risky,0,1,3,Autophagy/Ferroptosis,Transcript,TSM,Underexpression,0.021257826,Validated (>0.005),8.818787807,Validated (>0.005),0.051753646,Validated (>0.005),0.207394897,Validated (>0.005),4
THCA-561.5.3.N.2.64.2.2.4.1,Transcript,3,"THCA_DFI_df377, THCA_OS_df377, THCA_PFI_df377",4,"XGBoost, Boruta, RSF, MTLR",THCA-561.5.3.N.2.64.2.2.4.1,(ENST00000590577 + ENST00000485855 + ENST00000573095 + ENST00000597406 + ENST00000492800 + ENST00000397617),(ARHGAP45(1/16)) + (BNIPL(1/7)) + (HCFC1R1(1/9)) + (PLEKHA4(1/16)) + (PON3(1/10)) + (PTPRD(1/16)),6,THCA,561,5,3,N,2,64,2,2,4,1,Protective,2,0,2,Apoptosis,Transcript,TSM,Underexpression,0.018109581,Validated (>0.005),7.426577048,Validated (>0.005),0.007579249,Validated (>0.005),0.305054859,Validated (>0.005),4
UCEC-225.5.3.N.2.35.35.2.4.1,Transcript,3,"UCEC_DSS_df377, UCEC_OS_df377, UCEC_PFI_df377",4,"Boruta, XGBoost, RSF, MTLR",UCEC-225.5.3.N.2.35.35.2.4.1,(ENST00000359320 + ENST00000470167 + ENST00000533420),(CMTM5(1/9)) + (COL3A1(1/7)) + (MYO18A(1/25)),3,UCEC,225,5,3,N,2,35,35,2,4,1,Risky,0,3,1,Apoptosis,Transcript,TSM,Underexpression,0.025787066,Validated (>0.005),5.869239428,Validated (>0.005),0.02412252,Validated (>0.005),0.362700793,Validated (>0.005),4
UCEC-234.5.3.N.2.95.71.4.4.2,Transcript,3,"UCEC_DSS_df377, UCEC_OS_df377, UCEC_PFI_df377",4,"XGBoost, RSF, Boruta, MTLR",UCEC-234.5.3.N.2.95.71.4.4.2,(ENST00000374561 + ENST00000486541 + ENST00000397858 + ENST00000342320),(ID3(2/3)) + (NDRG2(1/77)) + (RBPJ(1/51)),4,UCEC,234,5,3,N,2,95,71,4,4,2,Meaningful Protective,4,0,0,Apoptosis/Autophagy,Transcript,TSM,Underexpression,0.018758158,Validated (>0.005),4.477431754,Validated (>0.005),0.023346774,Validated (>0.005),0.395314818,Validated (>0.005),4
UCEC-239.5.3.N.2.31.31.2.4.1,Transcript,3,"UCEC_DSS_df377, UCEC_OS_df377, UCEC_PFI_df377",4,"Boruta, XGBoost, RSF, MTLR",UCEC-239.5.3.N.2.31.31.2.4.1,(ENST00000379453 + ENST00000453052 + ENST00000611031 + ENST00000559440 + ENST00000394153 + ENST00000578998 + ENST00000434693 + ENST00000406785),(ADRA1D(1/2)) + (AEBP1(1/9)) + (CPEB1(1/19)) + (DLL4(1/3)) + (FHL1(1/36)) + (RBFOX3(1/14)) + (RBMS3(1/20)) + (SLC8A1(1/19)),8,UCEC,239,5,3,N,2,31,31,2,4,1,Risky,0,2,2,Apoptosis,Transcript,TSM,Underexpression,0.020193037,Validated (>0.005),5.292563363,Validated (>0.005),0.048543515,Validated (>0.005),0.233669804,Validated (>0.005),4
UCEC-261.5.3.N.2.31.1.2.4.1,Transcript,3,"UCEC_DSS_df377, UCEC_OS_df377, UCEC_PFI_df377",4,"XGBoost, RSF, Boruta, MTLR",UCEC-261.5.3.N.2.31.1.2.4.1,(ENST00000433738 + ENST00000458357 + ENST00000399849 + ENST00000434384 + ENST00000477795 + ENST00000582043),(CASP12(1/12)) + (FHL1(1/36)) + (HIC1(1/7)) + (LINC00629(1/8)) + (PARVB(1/10)) + (RBFOX3(1/14)),6,UCEC,261,5,3,N,2,31,1,2,4,1,Risky,0,2,2,Apoptosis,Transcript,TSM,Underexpression,0.031211669,Validated (>0.005),4.933966535,Validated (>0.005),0.054180061,Validated (>0.005),0.352115269,Validated (>0.005),4
UCEC-682.5.3.N.2.95.7.4.4.1,Transcript,3,"UCEC_DSS_df377, UCEC_OS_df377, UCEC_PFI_df377",4,"XGBoost, RSF, Boruta, MTLR",UCEC-682.5.3.N.2.95.7.4.4.1,ENST00000348513,(SMARCE1(1/51)),1,UCEC,682,5,3,N,2,95,7,4,4,1,Meaningful Protective,4,0,0,Anoikis,Transcript,TSM,Underexpression,0.017876675,Validated (>0.005),12.0955018,Validated (>0.005),0.028285572,Validated (>0.005),0.375291751,Validated (>0.005),4
UVM-22.5.1.N.0.35.35.2.4.1,Transcript,3,"UVM_DSS_df377, UVM_OS_df377, UVM_PFI_df377",4,"Boruta, XGBoost, RSF, MTLR",UVM-22.5.1.N.0.35.35.2.4.1,(ENST00000406555 + ENST00000466881 + ENST00000513069),(EGFL7(1/7)) + (PLOD3(1/16)) + (SH3BP2(1/31)),3,UVM,22,5,1,N,0,35,35,2,4,1,Risky,0,3,1,Apoptosis,Transcript,TMB,No_data,0.110572961,Validated (>0.005),3.995001127,Validated (>0.005),0.126996793,Validated (>0.005),0.343326904,Validated (>0.005),4
UVM-28.5.1.N.0.35.35.2.4.2,Transcript,3,"UVM_DSS_df377, UVM_OS_df377, UVM_PFI_df377",4,"Boruta, XGBoost, RSF, MTLR",UVM-28.5.1.N.0.35.35.2.4.2,(ENST00000491581 + ENST00000392678),(HDAC3(1/16)) + (TIRAP(1/16)),2,UVM,28,5,1,N,0,35,35,2,4,2,Risky,0,3,1,Apoptosis/Necrosis,Transcript,TMB,No_data,0.071930632,Validated (>0.005),3.095252728,Validated (>0.005),0.085430703,Validated (>0.005),0.296742738,Validated (>0.005),4
UVM-58.5.1.N.0.35.35.2.4.2,Transcript,3,"UVM_DSS_df377, UVM_OS_df377, UVM_PFI_df377",4,"Boruta, XGBoost, RSF, MTLR",UVM-58.5.1.N.0.35.35.2.4.2,ENST00000393301,(CTSC(1/31)),1,UVM,58,5,1,N,0,35,35,2,4,2,Risky,0,3,1,Apoptosis/Autophagy,Transcript,TMB,No_data,0.071994402,Validated (>0.005),3.123373701,Validated (>0.005),0.077894211,Validated (>0.005),0.330847655,Validated (>0.005),4
UVM-61.5.1.N.0.4.35.4.4.3,Transcript,3,"UVM_DSS_df377, UVM_OS_df377, UVM_PFI_df377",4,"Boruta, XGBoost, RSF, MTLR",UVM-61.5.1.N.0.4.35.4.4.3,ENST00000428024,(GBA1(1/14)),1,UVM,61,5,1,N,0,4,35,4,4,3,Risky,0,1,3,Apoptosis/Autophagy/Necrosis,Transcript,TMB,No_data,0.026542497,Validated (>0.005),2.474495118,Validated (>0.005),0.093193268,Validated (>0.005),0.402193577,Validated (>0.005),4
UVM-66.5.1.N.0.64.64.4.4.1,Transcript,3,"UVM_DSS_df377, UVM_OS_df377, UVM_PFI_df377",4,"Boruta, XGBoost, RSF, MTLR",UVM-66.5.1.N.0.64.64.4.4.1,ENST00000477194,(FHL3(1/5)),1,UVM,66,5,1,N,0,64,64,4,4,1,Protective,2,0,2,Apoptosis,Transcript,TMB,No_data,0.097377316,Validated (>0.005),3.061272871,Validated (>0.005),0.19267496,Validated (>0.005),0.650088347,Validated (>0.005),4
UVM-86.5.1.N.0.31.31.2.4.1,Transcript,3,"UVM_DSS_df377, UVM_OS_df377, UVM_PFI_df377",4,"XGBoost, RSF, Boruta, MTLR",UVM-86.5.1.N.0.31.31.2.4.1,ENST00000587837,(TYROBP(1/9)),1,UVM,86,5,1,N,0,31,31,2,4,1,Risky,0,2,2,Necrosis,Transcript,TMB,No_data,0.018492559,Validated (>0.005),2.063658959,Validated (>0.005),0.044894809,Validated (>0.005),0.447124918,Validated (>0.005),4
UVM-87.5.1.N.0.31.35.2.4.2,Transcript,3,"UVM_DSS_df377, UVM_OS_df377, UVM_PFI_df377",4,"XGBoost, RSF, Boruta, MTLR",UVM-87.5.1.N.0.31.35.2.4.2,ENST00000588815,(CAPNS1(1/17)),1,UVM,87,5,1,N,0,31,35,2,4,2,Risky,0,2,2,Apoptosis/Autophagy,Transcript,TMB,No_data,0.031000578,Validated (>0.005),2.100055217,Validated (>0.005),0.062587809,Validated (>0.005),0.289618881,Validated (>0.005),4
UVM-92.5.1.N.0.31.31.4.4.1,Transcript,3,"UVM_DSS_df377, UVM_OS_df377, UVM_PFI_df377",4,"XGBoost, RSF, Boruta, MTLR",UVM-92.5.1.N.0.31.31.4.4.1,ENST00000623303,(SELENOH(1/6)),1,UVM,92,5,1,N,0,31,31,4,4,1,Risky,0,2,2,Cellular senescence,Transcript,TMB,No_data,0.031678219,Validated (>0.005),2.558993604,Validated (>0.005),0.107401181,Validated (>0.005),0.335016812,Validated (>0.005),4
ACC-98.6.3.P.1.44.44.2.3.4,mRNA,3,"ACC_DSS_df377, ACC_OS_df377, ACC_PFI_df377",4,"Boruta, XGBoost, RSF, MTLR",ACC-98.6.3.P.1.44.44.2.3.4,HSPD1,HSPD1,1,ACC,98,6,3,P,1,44,44,2,3,4,Meaningful Risky,0,4,0,Apoptosis/Autophagy/Cuproptosis/Necrosis,mRNA,TSM,Unchanged,0.072944961,Validated (>0.005),4.578019551,Validated (>0.005),0.172014984,Validated (>0.005),0.190066977,Validated (>0.005),4
KIRC-2102.6.3.P.2.71.71.2.2.3,mRNA,3,"KIRC_DSS_df161, KIRC_OS_df161, KIRC_PFI_df161",4,"XGBoost, Boruta, RSF, MTLR",KIRC-2102.6.3.P.2.71.71.2.2.3,SLC31A1,SLC31A1,1,KIRC,2102,6,3,P,2,71,71,2,2,3,Protective,3,0,1,Apoptosis/Cuproptosis/Necrosis,mRNA,TSM,Underexpression,0.008294959,Validated (>0.005),14.51935035,Validated (>0.005),0.005074197,Validated (>0.005),0.102006894,Validated (>0.005),4
MESO-10.6.3.N.0.35.31.4.4.1,mRNA,3,"MESO_DSS_df017, MESO_OS_df017, MESO_PFI_df017",4,"Boruta, XGBoost, RSF, MTLR",MESO-10.6.3.N.0.35.31.4.4.1,(COL3A1 + PALLD),(COL3A1 + PALLD),2,MESO,10,6,3,N,0,35,31,4,4,1,Risky,0,3,1,Apoptosis,mRNA,TSM,No_data,0.060639009,Validated (>0.005),5.115763319,Validated (>0.005),0.108174127,Validated (>0.005),0.623146273,Validated (>0.005),4
SKCM-74.6.3.N.3.71.71.1.2.1,mRNA,3,"SKCM_DSS_df377, SKCM_OS_df377, SKCM_PFI_df377",4,"XGBoost, RSF, Boruta, MTLR",SKCM-74.6.3.N.3.71.71.1.2.1,(ARID5A + BPI + FCGR2C + `HLA-DRB1`),(ARID5A + BPI + FCGR2C + `HLA-DRB1`),4,SKCM,74,6,3,N,3,71,71,1,2,1,Protective,3,0,1,Necrosis,mRNA,TSM,Overexpression,0.010287914,Validated (>0.005),23.97490586,Validated (>0.005),0.020323028,Validated (>0.005),0.08130017,Validated (>0.005),4
UCEC-42.6.3.N.2.31.31.4.4.1,mRNA,3,"UCEC_DSS_df377, UCEC_OS_df377, UCEC_PFI_df377",4,"Boruta, XGBoost, RSF, MTLR",UCEC-42.6.3.N.2.31.31.4.4.1,(ADRA1D + COLEC12 + FOXP2 + RBMS3),(ADRA1D + COLEC12 + FOXP2 + RBMS3),4,UCEC,42,6,3,N,2,31,31,4,4,1,Risky,0,2,2,Apoptosis,mRNA,TSM,Underexpression,0.030011039,Validated (>0.005),4.585964578,Validated (>0.005),0.059283348,Validated (>0.005),0.329948649,Validated (>0.005),4
UCEC-578.6.3.N.2.95.28.4.4.3,mRNA,3,"UCEC_DSS_df377, UCEC_OS_df377, UCEC_PFI_df377",4,"XGBoost, RSF, Boruta, MTLR",UCEC-578.6.3.N.2.95.28.4.4.3,CTF1,CTF1,1,UCEC,578,6,3,N,2,95,28,4,4,3,Meaningful Protective,4,0,0,Apoptosis/Autophagy/Necrosis,mRNA,TSM,Underexpression,0.011463131,Validated (>0.005),4.82918575,Validated (>0.005),0.018866221,Validated (>0.005),0.421249577,Validated (>0.005),4
THCA-1459.7.1.P.2.7.1.1.4.2,CpG Methylation,2,"THCA_DFI_df377, THCA_PFI_df377",4,"XGBoost, RSF, Boruta, MTLR",THCA-1459.7.1.P.2.7.1.1.4.2,IRAK3,IRAK3,1,THCA,1459,7,1,P,2,7,1,1,4,2,Protective,1,0,3,Apoptosis/Necrosis,Methylation,TMB,Underexpression,0.010526104,Validated (>0.005),15.01477238,Validated (>0.005),0.007211926,Validated (>0.005),0.05638666,Validated (>0.005),4
PRAD-496.5.3.P.3.14.11.1.2.1,Transcript,2,"PRAD_DFI_df374, PRAD_PFI_df374",4,"Boruta, XGBoost, RSF, MTLR",PRAD-496.5.3.P.3.14.11.1.2.1,(ENST00000313401 + ENST00000563945 + ENST00000370009 + ENST00000417262 + ENST00000469475 + ENST00000340384 + ENST00000267294),(CDK5R1(1/3)) + (HERC2(1/14)) + (NAA10(1/16)) + (PCAT6(1/6)) + (PSMD11(1/12)) + (TUBB4B(1/2)) + (ZIC5(1/1)),7,PRAD,496,5,3,P,3,14,11,1,2,1,Risky,0,2,2,Apoptosis,Transcript,TSM,Overexpression,0.008620225,Validated (>0.005),4.719933405,Validated (>0.005),0.015579958,Validated (>0.005),0.054752516,Validated (>0.005),4
PRAD-660.5.3.P.3.14.14.1.4.1,Transcript,2,"PRAD_DFI_df374, PRAD_PFI_df374",4,"Boruta, XGBoost, RSF, MTLR",PRAD-660.5.3.P.3.14.14.1.4.1,(ENST00000475721 + ENST00000306897 + ENST00000580965 + ENST00000511615),(EIF4G1(1/40)) + (RAC3(2/4)) + (SUB1(1/13)),4,PRAD,660,5,3,P,3,14,14,1,4,1,Risky,0,2,2,Autophagy,Transcript,TSM,Overexpression,0.012050642,Validated (>0.005),5.036432516,Validated (>0.005),0.022356174,Validated (>0.005),0.082623977,Validated (>0.005),4
PRAD-733.5.3.P.1.43.43.2.4.1,Transcript,2,"PRAD_DFI_df374, PRAD_PFI_df374",4,"Boruta, XGBoost, RSF, MTLR",PRAD-733.5.3.P.1.43.43.2.4.1,(ENST00000541567 + ENST00000358625),(SLC29A2(1/7)) + (WDR5(1/3)),2,PRAD,733,5,3,P,1,43,43,2,4,1,Risky,0,3,1,Apoptosis,Transcript,TSM,Unchanged,0.008137485,Validated (>0.005),5.054350509,Validated (>0.005),0.010544603,Validated (>0.005),0.066863228,Validated (>0.005),4
TGCT-270.5.3.N.2.14.14.2.3.1,Transcript,2,"TGCT_DFI_df377, TGCT_PFI_df377",4,"Boruta, XGBoost, RSF, MTLR",TGCT-270.5.3.N.2.14.14.2.3.1,(ENST00000507278 + ENST00000432832 + ENST00000368547 + ENST00000579431 + ENST00000493422 + ENST00000539163 + ENST00000288167 + ENST00000592070),(ANXA10(1/3)) + (DHRS2(1/10)) + (ECHS1(1/1)) + (`GATA6-AS1`(1/14)) + (GSTA2(1/1)) + (`HNF1A-AS1`(1/9)) + (IL17RB(1/3)) + (LINC00629(1/8)),8,TGCT,270,5,3,N,2,14,14,2,3,1,Risky,0,2,2,Apoptosis,Transcript,TSM,Underexpression,0.026296528,Validated (>0.005),5.943445676,Validated (>0.005),0.015159585,Validated (>0.005),0.589100644,Validated (>0.005),4
TGCT-311.5.3.N.3.20.20.3.4.1,Transcript,2,"TGCT_DFI_df377, TGCT_PFI_df377",4,"Boruta, XGBoost, RSF, MTLR",TGCT-311.5.3.N.3.20.20.3.4.1,(ENST00000605570 + ENST00000370282),(`MIR4435-2HG`(1/108)) + (TMED5(1/5)),2,TGCT,311,5,3,N,3,20,20,3,4,1,Protective,1,0,3,Apoptosis,Transcript,TSM,Overexpression,0.032130735,Validated (>0.005),6.087240118,Validated (>0.005),0.060421443,Validated (>0.005),0.497595985,Validated (>0.005),4
TGCT-656.5.3.P.3.14.14.2.4.3,Transcript,2,"TGCT_DFI_df377, TGCT_PFI_df377",4,"Boruta, XGBoost, RSF, MTLR",TGCT-656.5.3.P.3.14.14.2.4.3,ENST00000537869,(SNHG1(1/80)),1,TGCT,656,5,3,P,3,14,14,2,4,3,Risky,0,2,2,Apoptosis/Autophagy/Ferroptosis,Transcript,TSM,Overexpression,0.023454131,Validated (>0.005),4.204433472,Validated (>0.005),0.053717171,Validated (>0.005),0.387906229,Validated (>0.005),4
PRAD-2254.6.3.P.1.14.43.1.4.2,mRNA,2,"PRAD_DFI_df374, PRAD_PFI_df374",4,"Boruta, XGBoost, RSF, MTLR",PRAD-2254.6.3.P.1.14.43.1.4.2,MEN1,MEN1,1,PRAD,2254,6,3,P,1,14,43,1,4,2,Risky,0,2,2,Apoptosis/Ferroptosis,mRNA,TSM,Unchanged,0.011983146,Validated (>0.005),4.42715723,Validated (>0.005),0.016104541,Validated (>0.005),0.066990032,Validated (>0.005),4
PRAD-375.6.3.N.2.95.95.2.4.1,mRNA,2,"PRAD_DFI_df374, PRAD_PFI_df374",4,"Boruta, XGBoost, RSF, MTLR",PRAD-375.6.3.N.2.95.95.2.4.1,(CYP11A1 + DCC + MT1A),(CYP11A1 + DCC + MT1A),3,PRAD,375,6,3,N,2,95,95,2,4,1,Meaningful Protective,4,0,0,Apoptosis,mRNA,TSM,Underexpression,0.023624316,Validated (>0.005),6.839040064,Validated (>0.005),0.052630471,Validated (>0.005),0.07952976,Validated (>0.005),4
PRAD-958.6.3.N.1.93.20.4.4.1,mRNA,2,"PRAD_DFI_df374, PRAD_PFI_df374",4,"XGBoost, Boruta, RSF, MTLR",PRAD-958.6.3.N.1.93.20.4.4.1,(PIP + SEMA3E),(PIP + SEMA3E),2,PRAD,958,6,3,N,1,93,20,4,4,1,Protective,3,0,1,Apoptosis,mRNA,TSM,Unchanged,0.01600885,Validated (>0.005),16.16802432,Validated (>0.005),0.005628036,Validated (>0.005),0.07334796,Validated (>0.005),4
TGCT-821.6.3.P.3.4.14.1.1.1,mRNA,2,"TGCT_DFI_df377, TGCT_PFI_df377",4,"Boruta, XGBoost, RSF, MTLR",TGCT-821.6.3.P.3.4.14.1.1.1,PES1,PES1,1,TGCT,821,6,3,P,3,4,14,1,1,1,Risky,0,1,3,Autophagy,mRNA,TSM,Overexpression,0.061683535,Validated (>0.005),6.049822146,Validated (>0.005),0.035359747,Validated (>0.005),0.39032268,Validated (>0.005),4
TGCT-839.6.3.P.2.14.14.4.4.1,mRNA,2,"TGCT_DFI_df377, TGCT_PFI_df377",4,"Boruta, XGBoost, RSF, MTLR",TGCT-839.6.3.P.2.14.14.4.4.1,PSMA6,PSMA6,1,TGCT,839,6,3,P,2,14,14,4,4,1,Risky,0,2,2,Apoptosis,mRNA,TSM,Underexpression,0.029590304,Validated (>0.005),4.227545545,Validated (>0.005),0.035836658,Validated (>0.005),0.368908854,Validated (>0.005),4
LAML-33.5.3.P.2.1.1.4.4.1,Transcript,1,LAML_OS_df377,4,"Boruta, XGBoost, RSF, MTLR",LAML-33.5.3.P.2.1.1.4.4.1,(ENST00000305885 + ENST00000230056 + ENST00000320270),(FEN1(1/3)) + (GMNN(1/7)) + (RRS1(1/1)),3,LAML,33,5,3,P,2,1,1,4,4,1,Risky,0,1,3,Apoptosis,Transcript,TSM,Underexpression,0.006485947,Validated (>0.005),11.4141196,Validated (>0.005),0.021241695,Validated (>0.005),0.109095171,Validated (>0.005),4
KIRP-805.5.3.N.2.44.31.2.4.3,Transcript,4,"KIRP_DFI_df377, KIRP_DSS_df377, KIRP_OS_df377, KIRP_PFI_df377",3,"XGBoost, Boruta, RSF",KIRP-805.5.3.N.2.44.31.2.4.3,ENST00000510710,(COL1A1(1/13)),1,KIRP,805,5,3,N,2,44,31,2,4,3,Meaningful Risky,0,4,0,Apoptosis/Autophagy/Necrosis,Transcript,TSM,Underexpression,0.011034689,Validated (>0.005),1.677731735,Validated (>0.005),0.008628417,Validated (>0.005),0.013754052,Validated (>0.005),4
