df	cancer_type	metric	cindex	reason	baseline_cindex	cindex_r8	baseline_r8	delta_r8	category	df_num
df377.rds	ACC	DFI	0.853521126760563	OK	0.853521126760563	0.85352113	0.85352113	0	Unchanged	377
df377.rds	ACC	DSS	0.876190476190476	OK	0.876190476190476	0.87619048	0.87619048	0	Unchanged	377
df377.rds	ACC	OS	0.856417693981146	OK	0.856417693981146	0.85641769	0.85641769	0	Unchanged	377
df377.rds	ACC	PFI	0.824917413874469	OK	0.824917413874469	0.82491741	0.82491741	0	Unchanged	377
df155.rds	BLCA	DFI	1	OK	1	1	1	0	Unchanged	155
df155.rds	BLCA	DSS	1	OK	0.999945878659956	1	0.99994588	5.412000000004635e-5	Improved	155
df155.rds	BLCA	OS	0.999978796938278	OK	0.99975442043222	0.9999788	0.99975442	2.2437999999991298e-4	Improved	155
df155.rds	BLCA	PFI	0.999978324482497	OK	0.9999651105994	0.99997832	0.99996511	1.3209999999985733e-5	Improved	155
df008.rds	BRCA	DFI	1	OK	1	1	1	0	Unchanged	8
df008.rds	BRCA	DSS	1	OK	1	1	1	0	Unchanged	8
df008.rds	BRCA	OS	1	OK	1	1	1	0	Unchanged	8
df008.rds	BRCA	PFI	1	OK	1	1	1	0	Unchanged	8
df017.rds	CESC	DFI	1	OK	1	1	1	0	Unchanged	17
df017.rds	CESC	DSS	0.991348140495868	OK	0.991348140495868	0.99134814	0.99134814	0	Unchanged	17
df017.rds	CESC	OS	0.979048405408195	OK	0.979048405408195	0.97904841	0.97904841	0	Unchanged	17
df017.rds	CESC	PFI	0.985420240137221	OK	0.985420240137221	0.98542024	0.98542024	0	Unchanged	17
df377.rds	CHOL	DFI	0.908536585365854	OK	0.908536585365854	0.90853659	0.90853659	0	Unchanged	377
df377.rds	CHOL	DSS	0.82258064516129	OK	0.82258064516129	0.82258065	0.82258065	0	Unchanged	377
df377.rds	CHOL	OS	0.747340425531915	OK	0.747340425531915	0.74734042999999994	0.74734042999999994	0	Unchanged	377
df377.rds	CHOL	PFI	0.81941309255079	OK	0.81941309255079	0.81941309	0.81941309	0	Unchanged	377
df368.rds	COAD	DFI	1	OK	1	1	1	0	Unchanged	368
df368.rds	COAD	DSS	1	OK	1	1	1	0	Unchanged	368
df368.rds	COAD	OS	1	OK	1	1	1	0	Unchanged	368
df368.rds	COAD	PFI	1	OK	1	1	1	0	Unchanged	368
df017.rds	ESCA	DFI	1	OK	1	1	1	0	Unchanged	17
df017.rds	ESCA	DSS	0.980569049271339	OK	0.980569049271339	0.98056905	0.98056905	0	Unchanged	17
df017.rds	ESCA	OS	0.92482787691443	OK	0.92482787691443	0.92482788	0.92482788	0	Unchanged	17
df017.rds	ESCA	PFI	0.93840219014435	OK	0.93840219014435	0.93840219	0.93840219	0	Unchanged	17
df017.rds	HNSC	DFI	1	OK	1	1	1	0	Unchanged	17
df017.rds	HNSC	DSS	0.999973895792002	OK	0.999973895792002	0.9999739	0.9999739	0	Unchanged	17
df017.rds	HNSC	OS	0.999983951984337	OK	0.999983951984337	0.99998395	0.99998395	0	Unchanged	17
df017.rds	HNSC	PFI	0.999884107879009	OK	0.999884107879009	0.99988411	0.99988411	0	Unchanged	17
df377.rds	KICH	DFI	1	OK	1	1	1	0	Unchanged	377
df377.rds	KICH	DSS	1	OK	1	1	1	0	Unchanged	377
df377.rds	KICH	OS	1	OK	1	1	1	0	Unchanged	377
df377.rds	KICH	PFI	1	OK	1	1	1	0	Unchanged	377
df161.rds	KIRC	DFI	1	OK	1	1	1	0	Unchanged	161
df161.rds	KIRC	DSS	1	OK	0.999958933924685	1	0.99995893	4.10699999999764e-5	Improved	161
df161.rds	KIRC	OS	1	OK	0.999972806134936	1	0.99997281	2.718999999995475e-5	Improved	161
df161.rds	KIRC	PFI	1	OK	1	1	1	0	Unchanged	161
df377.rds	KIRP	DFI	1	OK	1	1	1	0	Unchanged	377
df377.rds	KIRP	DSS	1	OK	1	1	1	0	Unchanged	377
df377.rds	KIRP	OS	1	OK	1	1	1	0	Unchanged	377
df377.rds	KIRP	PFI	1	OK	1	1	1	0	Unchanged	377
df374.rds	LGG	DFI	1	OK	1	1	1	0	Unchanged	374
df374.rds	LGG	DSS	1	OK	1	1	1	0	Unchanged	374
df374.rds	LGG	OS	1	OK	0.999805308585891	1	0.99980531	1.9469000000005288e-4	Improved	374
df374.rds	LGG	PFI	0.999907295819041	OK	0.999899051080153	0.9999073	0.99989905	8.250000000042945e-6	Improved	374
df160.rds	LIHC	DFI	1	OK	0.999908883826879	1	0.99990888	9.112000000000009e-5	Improved	160
df160.rds	LIHC	DSS	1	OK	1	1	1	0	Unchanged	160
df160.rds	LIHC	OS	1	OK	0.99991069036349	1	0.99991069	8.93100000000091e-5	Improved	160
df160.rds	LIHC	PFI	1	OK	0.999935331587286	1	0.99993533	6.46699999999889e-5	Improved	160
df017.rds	LUAD	DFI	1	OK	1	1	1	0	Unchanged	17
df017.rds	LUAD	DSS	1	OK	0.999952403617325	1	0.9999524	4.76000000000365e-5	Improved	17
df017.rds	LUAD	OS	1	OK	1	1	1	0	Unchanged	17
df017.rds	LUAD	PFI	0.99993178872695	OK	0.999883327499708	0.99993179	0.99988333	4.8460000000027925e-5	Improved	17
df147.rds	LUSC	DFI	1	OK	1	1	1	0	Unchanged	147
df147.rds	LUSC	DSS	1	OK	1	1	1	0	Unchanged	147
df147.rds	LUSC	OS	1	OK	1	1	1	0	Unchanged	147
df147.rds	LUSC	PFI	0.99995713581517	OK	0.999906164961997	0.99995714	0.99990616	5.0980000000033776e-5	Improved	147
df377.rds	OV	DFI	0.671390552228876	OK	0.671390552228876	0.67139055	0.67139055	0	Unchanged	377
df377.rds	OV	DSS	0.689922866384673	OK	0.689922866384673	0.68992287	0.68992287	0	Unchanged	377
df377.rds	OV	OS	0.678984424166142	OK	0.678984424166142	0.67898442	0.67898442	0	Unchanged	377
df377.rds	OV	PFI	0.657018670354638	OK	0.657018670354638	0.65701867	0.65701867	0	Unchanged	377
df377.rds	PAAD	DFI	1	OK	1	1	1	0	Unchanged	377
df377.rds	PAAD	DSS	1	OK	1	1	1	0	Unchanged	377
df377.rds	PAAD	OS	1	OK	0.999882794186592	1	0.99988279	1.1720999999997872e-4	Improved	377
df377.rds	PAAD	PFI	1	OK	1	1	1	0	Unchanged	377
df161.rds	PCPG	DFI	1	OK	1	1	1	0	Unchanged	161
df161.rds	PCPG	DSS	0.9985935302391	OK	0.998577524893314	0.99859353	0.99857752	1.6009999999955227e-5	Improved	161
df161.rds	PCPG	OS	1	OK	1	1	1	0	Unchanged	161
df161.rds	PCPG	PFI	0.997514498757249	OK	0.997068676716918	0.9975145	0.99706868	4.4581999999993016e-4	Improved	161
df374.rds	PRAD	DFI	1	OK	1	1	1	0	Unchanged	374
df374.rds	PRAD	DSS	1	OK	1	1	1	0	Unchanged	374
df374.rds	PRAD	OS	1	OK	1	1	1	0	Unchanged	374
df374.rds	PRAD	PFI	1	OK	0.999877855136192	1	0.99987786	1.221399999999928e-4	Improved	374
df160.rds	READ	DFI	1	OK	1	1	1	0	Unchanged	160
df160.rds	READ	DSS	1	OK	1	1	1	0	Unchanged	160
df160.rds	READ	OS	1	OK	1	1	1	0	Unchanged	160
df160.rds	READ	PFI	1	OK	1	1	1	0	Unchanged	160
df305.rds	SARC	DFI	1	OK	1	1	1	0	Unchanged	305
df305.rds	SARC	DSS	1	OK	0.983092155369383	1	0.98309216	0.016907840000000007	Improved	305
df305.rds	SARC	OS	0.979903691813804	OK	0.949032099975496	0.97990369	0.9490321	0.03087158999999995	Improved	305
df305.rds	SARC	PFI	0.979422104089857	OK	0.949781305686052	0.9794221	0.94978131	0.029640789999999972	Improved	305
df157.rds	STAD	DFI	1	OK	1	1	1	0	Unchanged	157
df157.rds	STAD	DSS	1	OK	1	1	1	0	Unchanged	157
df157.rds	STAD	OS	0.99997655499027	OK	0.999947423764458	0.99997655	0.99994742	2.912999999993282e-5	Improved	157
df157.rds	STAD	PFI	0.999943676251091	OK	0.999941075953096	0.99994368	0.99994108	2.5999999999637424e-6	Improved	157
df377.rds	TGCT	DFI	1	OK	1	1	1	0	Unchanged	377
df377.rds	TGCT	DSS	1	OK	1	1	1	0	Unchanged	377
df377.rds	TGCT	OS	1	OK	1	1	1	0	Unchanged	377
df377.rds	TGCT	PFI	1	OK	1	1	1	0	Unchanged	377
df377.rds	THCA	DFI	1	OK	1	1	1	0	Unchanged	377
df377.rds	THCA	DSS	1	OK	1	1	1	0	Unchanged	377
df377.rds	THCA	OS	1	OK	1	1	1	0	Unchanged	377
df377.rds	THCA	PFI	1	OK	1	1	1	0	Unchanged	377
df377.rds	UCEC	DFI	1	OK	1	1	1	0	Unchanged	377
df377.rds	UCEC	DSS	1	OK	1	1	1	0	Unchanged	377
df377.rds	UCEC	OS	1	OK	1	1	1	0	Unchanged	377
df377.rds	UCEC	PFI	1	OK	1	1	1	0	Unchanged	377
df377.rds	UCS	DFI	0.575949367088608	OK	0.575949367088608	0.57594937	0.57594937	0	Unchanged	377
df377.rds	UCS	DSS	0.502497502497502	OK	0.502497502497502	0.5024975	0.5024975	0	Unchanged	377
df377.rds	UCS	OS	0.522988505747126	OK	0.522988505747126	0.52298851	0.52298851	0	Unchanged	377
df377.rds	UCS	PFI	0.565748031496063	OK	0.565748031496063	0.56574803	0.56574803	0	Unchanged	377
df017.rds	GBM	DSS	1	OK	1	1	1	0	Unchanged	17
df017.rds	GBM	OS	0.999880196477776	OK	0.999880196477776	0.9998802	0.9998802	0	Unchanged	17
df017.rds	GBM	PFI	1	OK	1	1	1	0	Unchanged	17
df377.rds	LAML	OS	0.77124718410813	OK	0.77124718410813	0.77124718	0.77124718	0	Unchanged	377
df017.rds	MESO	DSS	0.688172043010753	OK	0.688172043010753	0.68817204	0.68817204	0	Unchanged	17
df017.rds	MESO	OS	0.681437543614794	OK	0.681437543614794	0.68143754	0.68143754	0	Unchanged	17
df017.rds	MESO	PFI	0.625911625911626	OK	0.625911625911626	0.62591163	0.62591163	0	Unchanged	17
df377.rds	SKCM	DSS	0.999948917041275	OK	0.999895517709748	0.99994892	0.99989552	5.339999999998124e-5	Improved	377
df377.rds	SKCM	OS	0.999956663055255	OK	0.999911563121822	0.99995666	0.99991156	4.5100000000020124e-5	Improved	377
df377.rds	SKCM	PFI	1	OK	0.999826076874022	1	0.99982608	1.739200000000496e-4	Improved	377
df377.rds	THYM	DSS	1	OK	1	1	1	0	Unchanged	377
df377.rds	THYM	OS	1	OK	1	1	1	0	Unchanged	377
df377.rds	THYM	PFI	1	OK	1	1	1	0	Unchanged	377
df377.rds	UVM	DSS	0.896396396396396	OK	0.896396396396396	0.8963964	0.8963964	0	Unchanged	377
df377.rds	UVM	OS	0.886892177589852	OK	0.886892177589852	0.88689218	0.88689218	0	Unchanged	377
df377.rds	UVM	PFI	0.858963466440102	OK	0.858963466440102	0.85896347	0.85896347	0	Unchanged	377
